game,word,score0,abaca,3
1,aback,2
2,abaft,3
3,abase,2
4,abash,2
5,abate,3
6,abbey,4
7,abbot,4
8,abdal,3
9,abeam,4
10,abest,3
11,abhor,3
12,abide,2
13,abies,3
14,abiit,4
15,abito,3
16,abode,3
17,abohm,3
18,abois,4
19,abord,3
20,abort,3
21,about,4
22,above,3
23,abuna,5
24,abuse,4
25,abuzz,6
26,abysm,4
27,abyss,5
28,accoy,5
29,accra,5
30,acerb,3
31,achar,3
32,ackee,4
33,acned,3
34,acold,3
35,acorn,4
36,acres,3
37,acrid,3
38,acris,5
39,acted,4
40,actin,4
41,actor,4
42,actum,4
43,actus,5
44,acute,4
45,adlib,2
46,adaga,3
47,adage,3
48,adams,4
49,adapa,5
50,adapt,4
51,addax,6
52,added,5
53,adder,4
54,addle,3
55,adeem,5
56,adept,4
57,adieu,4
58,adige,3
59,aditi,3
60,adjuc,3
61,admit,4
62,adobe,3
63,adobo,3
64,adopt,5
65,adore,4
66,adorn,4
67,adown,5
68,adult,5
69,adust,5
70,aedes,4
71,aegis,3
72,aegri,3
73,aequa,6
74,aequo,5
75,aerie,4
76,aesir,4
77,aesop,4
78,aetas,6
79,affix,5
80,afire,3
81,aflak,4
82,afoot,4
83,afore,4
84,afoul,4
85,afric,4
86,after,3
87,again,3
88,agama,4
89,agape,4
90,agate,5
91,agave,6
92,agaze,7
93,agent,4
94,aggro,5
95,aghan,4
96,agile,3
97,aging,5
98,agjus,4
99,aglet,5
100,aglow,5
101,agnus,4
102,agony,4
103,agora,4
104,agree,4
105,ahead,3
106,ahura,5
107,aimer,4
108,aioli,3
109,aired,4
110,aisle,4
111,aitch,2
112,aiunt,5
113,ajaia,4
114,ajuga,5
115,akron,4
116,alack,4
117,alamo,5
118,alarm,4
119,alate,6
120,album,3
121,alcea,4
122,alces,5
123,alder,3
124,aldol,5
125,aleph,2
126,alert,5
127,aleut,6
128,algal,4
129,alget,4
130,algid,3
131,algin,3
132,algol,4
133,alias,6
134,alibi,3
135,alien,4
136,align,4
137,aliis,5
138,alike,3
139,alive,4
140,alkyd,4
141,alkyl,5
142,allah,5
143,allay,5
144,aller,6
145,alley,6
146,allot,4
147,allow,5
148,alloy,6
149,allyl,6
150,alnus,5
151,aloes,4
152,aloft,4
153,alogy,4
154,aloha,4
155,alone,4
156,along,3
157,aloof,5
158,alosa,4
159,aloud,4
160,alpha,4
161,altar,4
162,alter,5
163,alula,5
164,amain,5
165,amari,4
166,amass,5
167,amaze,4
168,amber,3
169,ambit,3
170,amble,3
171,ameba,4
172,ameer,5
173,amend,4
174,amice,3
175,amici,4
176,amide,3
177,amigo,4
178,amine,4
179,amino,4
180,amish,4
181,amiss,5
182,amity,5
183,amman,5
184,amnis,4
185,amole,4
186,among,4
187,amore,4
188,amort,4
189,amoto,5
190,amour,5
191,ample,5
192,amply,4
193,amuck,4
194,amuse,5
195,anasa,4
196,andes,4
197,anele,5
198,anent,5
199,angas,5
200,angel,4
201,anger,4
202,angle,4
203,angry,5
204,angst,4
205,anile,4
206,anima,5
207,anime,5
208,animi,3
209,animo,5
210,anion,4
211,anise,5
212,anjou,5
213,ankel,4
214,ankle,4
215,ankus,4
216,annex,4
217,annis,4
218,annoy,4
219,annul,6
220,annum,5
221,annus,6
222,anode,4
223,anser,5
224,antic,4
225,antum,5
226,anvil,4
227,aorta,5
228,aotus,5
229,apace,5
230,apart,6
231,apery,5
232,aphid,3
233,aphis,4
234,apian,5
235,aping,4
236,apios,4
237,apish,5
238,apium,5
239,apnea,5
240,appal,5
241,apple,6
242,apply,5
243,appro,4
244,apres,5
245,april,4
246,apron,5
247,aprum,4
248,aqaba,4
249,araba,4
250,arado,4
251,arare,6
252,arawn,6
253,arbor,4
254,arced,3
255,arceo,4
256,arcus,4
257,ardea,5
258,ardeb,3
259,ardet,4
260,ardor,5
261,areal,6
262,areas,5
263,areca,4
264,arena,5
265,arete,5
266,argil,4
267,argol,4
268,argon,4
269,argos,4
270,argot,5
271,argue,4
272,argus,5
273,arhat,5
274,ariel,4
275,aries,4
276,arins,5
277,arise,5
278,arius,5
279,armed,4
280,armet,4
281,armis,5
282,armor,5
283,aroid,4
284,aroma,5
285,arose,5
286,arras,6
287,array,6
288,arrow,6
289,arson,5
290,artem,5
291,artes,5
292,aruba,4
293,arulo,5
294,aruru,5
295,aryan,6
296,asana,6
297,asarh,3
298,ascii,4
299,ascot,4
300,ascus,5
301,ashen,3
302,ashes,3
303,ashur,4
304,asian,6
305,aside,4
306,asked,5
307,askew,5
308,aspen,4
309,asper,6
310,aspic,5
311,assai,5
312,assam,4
313,assay,5
314,asses,6
315,asset,5
316,assur,5
317,aster,5
318,astir,6
319,astra,5
320,asura,5
321,aswan,5
322,atajo,4
323,atilt,5
324,atlas,6
325,atole,5
326,atoll,4
327,atoms,5
328,atomy,6
329,atone,5
330,atony,5
331,atque,5
332,atqui,4
333,attar,5
334,attic,7
335,auden,5
336,audio,5
337,audit,5
338,auger,5
339,aught,4
340,augur,5
341,aurae,6
342,aural,5
343,aurar,5
344,aurea,5
345,aures,6
346,autre,5
347,auxin,4
348,avahi,4
349,avail,5
350,avant,6
351,avast,6
352,avena,6
353,avens,5
354,avert,5
355,avian,7
356,avile,5
357,aviso,5
358,avoid,5
359,avoir,4
360,avons,4
361,avunt,4
362,await,5
363,awake,6
364,award,5
365,aware,5
366,awful,4
367,awned,6
368,axial,6
369,axile,6
370,axiom,5
371,azide,5
372,azido,3
373,azoic,6
374,azote,6
375,aztec,4
376,azure,6
377,bgirl,3
378,babar,5
379,babel,5
380,bacon,3
381,badge,2
382,badli,2
383,badly,3
384,bagel,3
385,baggy,5
386,bairn,4
387,baiza,5
388,baize,3
389,baked,3
390,baker,3
391,balas,4
392,balky,3
393,balle,4
394,balls,3
395,balmy,4
396,balsa,5
397,banal,4
398,banch,2
399,banco,2
400,bands,3
401,bandy,4
402,banff,4
403,banjo,3
404,banns,6
405,bantu,5
406,barba,6
407,barbe,7
408,barbu,5
409,barde,3
410,barge,3
411,baric,2
412,barky,4
413,baron,4
414,barry,5
415,barye,6
416,basal,5
417,based,4
418,basel,4
419,basic,3
420,basil,3
421,basin,4
422,basis,5
423,basso,4
424,basta,5
425,baste,5
426,batch,3
427,bated,5
428,bathe,2
429,batik,3
430,batis,4
431,baton,5
432,batta,6
433,bavin,5
434,bawdy,4
435,bayou,4
436,beach,1
437,beads,3
438,beady,4
439,beams,4
440,beamy,5
441,beard,2
442,beast,4
443,beati,3
444,beats,4
445,beaut,5
446,bebas,3
447,bebop,6
448,beche,2
449,becks,2
450,bedel,3
451,bedew,4
452,bedim,2
453,beech,4
454,beefy,4
455,beery,6
456,befit,4
457,befog,3
458,beget,5
459,begin,3
460,begum,3
461,begun,4
462,beige,4
463,being,3
464,belay,2
465,belch,2
466,belie,5
467,bella,3
468,belle,6
469,belli,4
470,bello,4
471,bells,5
472,belly,5
473,below,4
474,belus,4
475,bench,3
476,benin,4
477,bercy,2
478,beret,5
479,beroe,7
480,berry,6
481,berth,2
482,beryl,5
483,beset,5
484,besom,4
485,besot,5
486,beste,6
487,betel,6
488,betty,6
489,bevel,7
490,bever,6
491,bevue,5
492,bezel,8
493,bhaga,3
494,bhang,2
495,bialy,3
496,bible,4
497,bibos,5
498,biddy,4
499,bidet,3
500,bifid,2
501,bight,2
502,bigot,4
503,bihar,2
504,bijou,4
505,bilbo,5
506,bilge,3
507,bilgy,4
508,bills,4
509,billy,5
510,bimbo,6
511,binge,4
512,bingo,3
513,bioko,4
514,biont,5
515,biota,4
516,biped,2
517,birch,2
518,birds,3
519,birth,3
520,bison,4
521,bitch,3
522,biter,3
523,bites,4
524,bitis,3
525,bitty,5
526,black,2
527,blade,2
528,blahs,4
529,blain,3
530,blame,3
531,blanc,2
532,bland,3
533,blank,3
534,blare,4
535,blase,5
536,blast,4
537,blaze,6
538,bleak,3
539,blear,4
540,bleat,5
541,bleed,4
542,bleep,3
543,blend,3
544,bless,5
545,blest,4
546,bligh,2
547,blimp,5
548,blind,3
549,blini,5
550,blink,4
551,bliss,7
552,blitz,6
553,bloat,3
554,block,3
555,blodd,4
556,bloke,4
557,blond,3
558,blood,5
559,bloom,5
560,blown,4
561,blows,4
562,blowy,5
563,blues,4
564,bluff,3
565,blunt,4
566,blurb,5
567,blurt,5
568,blush,3
569,boann,4
570,board,3
571,boast,4
572,boats,5
573,bobby,6
574,bocca,3
575,bocce,3
576,bogey,3
577,boggy,4
578,bogie,3
579,bogle,3
580,bogus,3
581,boire,4
582,boise,5
583,bolti,4
584,bolus,4
585,bonds,3
586,boned,3
587,boner,4
588,bones,5
589,bongo,4
590,bonis,4
591,bonne,6
592,bonny,5
593,bonos,5
594,bonum,4
595,bonus,5
596,bonze,5
597,booby,8
598,books,6
599,boole,4
600,booly,5
601,boone,7
602,boost,5
603,booth,4
604,boots,7
605,booty,6
606,booze,7
607,boozy,7
608,borax,4
609,bored,4
610,borer,7
611,boric,2
612,borne,4
613,borns,4
614,boron,4
615,bosky,4
616,bosom,5
617,boson,6
618,bossy,5
619,botch,3
620,bothy,3
621,botte,6
622,bouge,4
623,bough,3
624,bound,4
625,bourn,4
626,bouse,5
627,bovid,3
628,bowed,5
629,bowel,5
630,bower,5
631,bowie,4
632,bowls,5
633,boxed,6
634,boxer,6
635,boxes,6
636,boyar,5
637,boyne,5
638,brace,2
639,bract,3
640,bragg,4
641,bragi,3
642,brahm,3
643,braid,2
644,brain,3
645,brake,3
646,braky,4
647,brama,7
648,brand,3
649,brank,3
650,brant,4
651,brash,2
652,brass,8
653,brave,4
654,bravo,5
655,brawl,6
656,brawn,4
657,braze,5
658,bread,3
659,break,4
660,bream,4
661,breed,5
662,brett,4
663,breve,5
664,brian,3
665,briar,4
666,bribe,5
667,brick,2
668,bride,3
669,brief,3
670,brier,4
671,brill,4
672,brine,4
673,bring,4
674,brink,4
675,briny,5
676,brisk,5
677,broad,3
678,broil,3
679,broke,4
680,brome,5
681,bronx,5
682,brood,4
683,brook,5
684,broom,6
685,broth,3
686,brown,5
687,brows,5
688,brrok,5
689,bruce,2
690,bruin,4
691,bruit,5
692,brunt,5
693,brush,4
694,brute,5
695,bryon,5
696,bryum,4
697,buddy,4
698,budge,3
699,bueno,4
700,buffo,3
701,buggy,4
702,bugle,4
703,build,4
704,built,5
705,bulge,4
706,bulky,5
707,bulla,3
708,bulls,5
709,bully,6
710,bumps,4
711,bumpy,5
712,bunas,3
713,bunch,4
714,bunco,3
715,bunko,4
716,bunny,5
717,burgh,4
718,burin,4
719,burke,4
720,burly,6
721,burnt,5
722,burro,5
723,bursa,4
724,burst,4
725,busby,5
726,busch,5
727,bushy,3
728,butch,4
729,butea,4
730,buteo,4
731,butte,5
732,butut,5
733,butyl,5
734,buxom,5
735,buxus,4
736,buyer,4
737,bylaw,4
738,byron,6
739,byssa,4
740,byway,5
741,cabal,3
742,caber,3
743,cabin,2
744,cable,2
745,cacao,6
746,cache,4
747,cachi,3
748,cacus,5
749,caddo,5
750,caddy,5
751,cader,3
752,cadet,4
753,cadge,3
754,cadit,3
755,cadiz,4
756,cadra,5
757,cadre,4
758,caeca,3
759,caelo,3
760,caeur,4
761,cagey,4
762,cahot,3
763,cairn,4
764,cairo,4
765,cajun,4
766,cakes,5
767,calbe,3
768,calla,6
769,calls,5
770,calms,5
771,calva,6
772,calve,4
773,calyx,7
774,camas,4
775,camel,3
776,cameo,4
777,cando,3
778,canal,3
779,canas,4
780,candy,4
781,canis,4
782,canna,4
783,canny,5
784,canoe,4
785,canon,5
786,canst,4
787,canto,4
788,canty,5
789,caper,6
790,capit,5
791,capon,4
792,capra,4
793,capri,5
794,caput,5
795,carat,5
796,cards,5
797,cares,6
798,caret,7
799,carex,8
800,cargo,3
801,carib,3
802,carle,4
803,carob,3
804,carol,4
805,carom,5
806,carpe,4
807,carre,7
808,carry,6
809,carta,6
810,carte,5
811,carum,4
812,carve,6
813,carya,6
814,carys,5
815,cased,3
816,caste,5
817,casus,6
818,catch,8
819,cater,7
820,cates,7
821,catty,5
822,cauda,4
823,caulk,4
824,causa,5
825,cause,6
826,cavia,5
827,cavil,4
828,cdrom,3
829,cease,2
830,cebus,3
831,cecal,4
832,cecum,4
833,cedar,3
834,ceiba,2
835,ceibo,2
836,cello,5
837,celom,3
838,celui,4
839,cento,4
840,ceras,4
841,ceres,4
842,ceric,6
843,cerni,3
844,certa,3
845,chafe,2
846,chaff,5
847,chain,3
848,chair,3
849,chait,4
850,chaja,8
851,chalk,4
852,champ,6
853,chant,4
854,chaos,7
855,chaps,7
856,chara,6
857,chard,2
858,charm,3
859,chart,4
860,chary,5
861,chase,3
862,chasm,7
863,cheap,4
864,cheat,5
865,check,2
866,cheek,4
867,cheep,5
868,cheer,4
869,chela,3
870,chere,6
871,chert,3
872,chess,5
873,chest,4
874,chewa,4
875,chewy,6
876,chian,2
877,chick,3
878,chide,2
879,chief,3
880,chien,4
881,child,2
882,chile,3
883,chili,3
884,chill,4
885,chime,4
886,china,3
887,chine,5
888,chink,3
889,chino,4
890,chios,5
891,chips,5
892,chirp,4
893,chirr,5
894,chloe,4
895,chock,4
896,choir,3
897,choix,4
898,choke,3
899,choky,4
900,chomp,3
901,chops,4
902,chord,3
903,chore,4
904,chose,5
905,choux,5
906,chuck,4
907,chufa,3
908,chuff,5
909,chump,4
910,chunk,4
911,churl,3
912,churn,5
913,churr,6
914,chute,5
915,chyle,4
916,chyme,5
917,cicer,4
918,cider,3
919,cigar,3
920,cigit,4
921,cilia,3
922,cimex,3
923,cinch,6
924,circa,3
925,circe,5
926,cisco,4
927,civet,4
928,civic,6
929,civil,5
930,civis,6
931,clack,5
932,clade,2
933,claim,4
934,clamp,4
935,clang,3
936,clank,4
937,claro,3
938,clary,5
939,clash,2
940,clasp,5
941,class,7
942,claws,6
943,clean,3
944,clear,4
945,cleat,5
946,cleft,3
947,clepe,5
948,clerk,4
949,clich,3
950,click,4
951,cliff,4
952,climb,2
953,clime,3
954,cline,3
955,cling,3
956,clink,4
957,cloak,3
958,clock,4
959,clone,4
960,close,4
961,cloth,3
962,cloud,4
963,clout,5
964,clove,5
965,clown,4
966,cluck,5
967,clump,3
968,coach,5
969,coaid,2
970,coals,3
971,coast,4
972,coati,3
973,coats,4
974,cobia,3
975,coble,2
976,cobol,3
977,cobra,3
978,cocka,4
979,cocky,4
980,cocoa,5
981,cocos,6
982,cocus,5
983,codem,3
984,codex,4
985,codon,4
986,coelo,4
987,coeur,4
988,cohue,3
989,coign,3
990,coins,4
991,coles,4
992,colic,4
993,colon,5
994,color,4
995,colza,4
996,comae,4
997,combe,3
998,combo,3
999,comer,3
1000,comes,4
1001,comet,5
1002,comic,6
1003,comma,6
1004,comme,5
1005,comon,6
1006,compo,5
1007,compt,5
1008,conch,6
1009,coney,3
1010,conga,3
1011,conge,3
1012,congo,4
1013,conic,6
1014,connu,5
1015,conoy,5
1016,conte,4
1017,conto,5
1018,cooks,4
1019,cooky,6
1020,coold,4
1021,cooly,7
1022,coons,5
1023,copal,4
1024,coper,4
1025,copia,4
1026,copra,4
1027,copse,4
1028,coral,5
1029,coram,4
1030,corda,4
1031,cords,3
1032,corgi,3
1033,corno,5
1034,cornu,4
1035,corps,3
1036,corse,5
1037,corso,4
1038,corto,5
1039,cosey,5
1040,costa,5
1041,costs,5
1042,cotta,6
1043,couch,6
1044,cough,2
1045,could,3
1046,count,4
1047,coupe,5
1048,court,5
1049,coute,4
1050,couth,3
1051,coven,3
1052,cover,5
1053,covet,5
1054,covey,6
1055,covin,4
1056,cower,6
1057,coyly,7
1058,coyol,7
1059,coypu,5
1060,cozen,4
1061,crabs,2
1062,crack,6
1063,craft,4
1064,craig,3
1065,crake,3
1066,cramp,5
1067,crane,4
1068,crank,4
1069,crape,5
1070,craps,6
1071,crash,3
1072,crass,6
1073,crate,6
1074,crave,7
1075,crawl,4
1076,craze,8
1077,crazy,7
1078,creak,4
1079,cream,5
1080,creat,6
1081,crecy,5
1082,crede,4
1083,credo,3
1084,creed,5
1085,creek,5
1086,creel,5
1087,creep,6
1088,creme,5
1089,crepe,6
1090,cress,6
1091,crest,4
1092,crete,4
1093,crick,5
1094,crier,3
1095,crime,4
1096,crimp,3
1097,crisp,4
1098,crith,3
1099,crius,4
1100,croak,4
1101,croat,4
1102,crock,5
1103,croft,3
1104,crone,5
1105,crony,7
1106,crook,5
1107,croon,6
1108,crore,5
1109,cross,7
1110,croup,4
1111,crowd,3
1112,crown,6
1113,crows,7
1114,crude,4
1115,cruel,4
1116,cruet,5
1117,crumb,3
1118,crump,4
1119,cruse,5
1120,crush,3
1121,crust,4
1122,crypt,4
1123,csako,4
1124,ctene,4
1125,cuban,3
1126,cubby,3
1127,cubeb,3
1128,cubic,4
1129,cubit,3
1130,cuddy,3
1131,culex,4
1132,cully,4
1133,culpa,4
1134,cumin,3
1135,cupid,4
1136,cuppa,5
1137,cured,4
1138,curer,4
1139,curia,5
1140,curie,4
1141,curio,3
1142,curly,4
1143,curry,6
1144,cursd,3
1145,curse,6
1146,curve,5
1147,curvy,5
1148,cushy,3
1149,cutin,4
1150,cutch,4
1151,cycad,3
1152,cycas,5
1153,cycle,4
1154,cygne,4
1155,cynic,4
1156,czech,3
1157,dabri,3
1158,dacca,3
1159,dacha,3
1160,daddy,5
1161,daeva,4
1162,daffy,4
1163,dagan,4
1164,dagda,4
1165,dagga,4
1166,dagon,3
1167,daily,4
1168,dairy,4
1169,daisy,4
1170,dakar,5
1171,dalal,5
1172,dalea,5
1173,dalle,4
1174,dally,5
1175,dames,4
1176,damon,4
1177,danae,5
1178,dance,2
1179,dandi,3
1180,dandy,6
1181,dante,4
1182,daraf,3
1183,darby,4
1184,darky,4
1185,darts,4
1186,dated,5
1187,datum,4
1188,daube,3
1189,daunt,4
1190,david,6
1191,davit,5
1192,davus,4
1193,dawns,5
1194,dazed,8
1195,deads,3
1196,death,2
1197,debar,2
1198,debit,2
1199,debts,3
1200,debut,3
1201,decal,2
1202,decay,3
1203,decet,5
1204,decit,3
1205,decks,3
1206,decoy,4
1207,decry,5
1208,dedit,5
1209,deeds,5
1210,defer,4
1211,defie,3
1212,deify,3
1213,deign,3
1214,deism,4
1215,deist,5
1216,deity,4
1217,deker,5
1218,dekko,4
1219,delay,3
1220,delft,3
1221,delhi,2
1222,delta,3
1223,delve,4
1224,demel,4
1225,demon,3
1226,demos,4
1227,demur,4
1228,denim,4
1229,dense,5
1230,dents,4
1231,depee,5
1232,depot,4
1233,depth,3
1234,derby,3
1235,derri,4
1236,derry,6
1237,desto,5
1238,detat,5
1239,deter,6
1240,detox,5
1241,detre,5
1242,deuce,4
1243,devel,4
1244,devex,6
1245,devil,3
1246,devon,4
1247,dewan,4
1248,dewey,7
1249,dhawa,4
1250,dheur,3
1251,dhobi,2
1252,dhole,3
1253,dhote,4
1254,dhoti,4
1255,diana,3
1256,diary,4
1257,diazo,4
1258,dicen,2
1259,dicer,3
1260,dicis,3
1261,dicky,3
1262,dicot,3
1263,dicta,3
1264,dicto,4
1265,dictu,4
1266,dight,3
1267,digit,4
1268,dildo,4
1269,dilly,5
1270,dimer,4
1271,dimes,5
1272,dimly,4
1273,diner,4
1274,dingo,3
1275,dingy,3
1276,dinka,3
1277,dinky,4
1278,diode,4
1279,dioon,3
1280,dipus,4
1281,dirca,2
1282,dirge,4
1283,dirty,3
1284,disce,3
1285,disco,3
1286,dishy,3
1287,ditch,3
1288,ditto,5
1289,ditty,5
1290,divan,4
1291,diver,5
1292,dives,5
1293,divot,4
1294,divvy,6
1295,dixie,5
1296,dixit,5
1297,dizen,5
1298,dizzy,7
1299,dobra,3
1300,doces,3
1301,docet,4
1302,dodge,4
1303,doeil,3
1304,doesn,4
1305,doggo,4
1306,dogie,3
1307,dogma,3
1308,doily,4
1309,doing,3
1310,dolce,3
1311,dolly,4
1312,dolor,4
1313,domed,4
1314,domum,5
1315,donar,4
1316,donec,3
1317,donee,5
1318,donna,4
1319,donne,6
1320,donor,4
1321,dooly,4
1322,doors,3
1323,doped,4
1324,doric,2
1325,doris,3
1326,dosed,5
1327,dotty,5
1328,doubt,3
1329,dough,2
1330,douse,5
1331,dover,4
1332,doves,5
1333,dowdy,5
1334,dowel,4
1335,dower,5
1336,downs,4
1337,downy,4
1338,dowry,3
1339,dowse,5
1340,doyen,5
1341,dozen,6
1342,dphil,3
1343,draba,3
1344,draco,2
1345,draff,4
1346,draft,3
1347,drain,3
1348,drake,3
1349,drama,4
1350,drame,4
1351,drape,5
1352,drawl,3
1353,drawn,4
1354,dread,7
1355,dream,5
1356,dreck,3
1357,dregs,3
1358,dress,4
1359,dried,4
1360,drier,4
1361,drift,3
1362,drill,6
1363,drily,5
1364,drink,4
1365,drive,4
1366,droil,3
1367,droit,4
1368,drole,3
1369,droll,5
1370,drone,5
1371,drony,4
1372,drool,6
1373,droop,5
1374,dropp,5
1375,drops,4
1376,dross,5
1377,drove,5
1378,drown,6
1379,drugs,3
1380,druid,4
1381,drums,4
1382,drunk,4
1383,drupe,4
1384,dryad,6
1385,dryas,5
1386,dryer,5
1387,ducal,3
1388,ducat,4
1389,duchy,3
1390,ducks,3
1391,dukes,5
1392,dulce,4
1393,dulia,4
1394,dully,5
1395,dulse,4
1396,dummy,6
1397,dumps,4
1398,dumpy,4
1399,dunce,4
1400,duped,5
1401,duple,4
1402,dural,4
1403,durga,4
1404,durio,4
1405,durra,4
1406,durum,4
1407,dusky,4
1408,dusty,5
1409,dutch,3
1410,duval,5
1411,dwarf,4
1412,dwell,3
1413,dyaus,5
1414,dying,3
1415,dylan,4
1416,eager,8
1417,eagle,3
1418,eagre,4
1419,eared,6
1420,early,4
1421,earth,3
1422,easel,6
1423,eaten,7
1424,eater,7
1425,eaves,8
1426,eblis,4
1427,ebony,4
1428,eclat,4
1429,edema,5
1430,edged,5
1431,edger,4
1432,edict,4
1433,edify,3
1434,edile,3
1435,educe,4
1436,educt,4
1437,eerie,5
1438,eggar,4
1439,egret,5
1440,egypt,4
1441,eider,7
1442,eight,3
1443,eisen,5
1444,eject,4
1445,eland,3
1446,elate,7
1447,elbow,4
1448,elder,4
1449,elead,5
1450,elect,3
1451,elegy,4
1452,elemi,4
1453,eleve,6
1454,elfin,3
1455,elief,4
1456,eliot,5
1457,elite,5
1458,elmos,4
1459,eloge,4
1460,elope,5
1461,elops,4
1462,elude,5
1463,elver,5
1464,elves,5
1465,embay,5
1466,embed,3
1467,ember,4
1468,emery,5
1469,emile,5
1470,emmer,5
1471,emmet,5
1472,emply,4
1473,empta,5
1474,empty,5
1475,enact,3
1476,ename,4
1477,enate,6
1478,enbas,4
1479,ended,5
1480,endow,5
1481,endue,5
1482,enema,5
1483,enemy,5
1484,enets,5
1485,enjoy,4
1486,enlil,4
1487,ennui,5
1488,ensis,5
1489,ensue,5
1490,enter,5
1491,entre,4
1492,entry,4
1493,envoy,5
1494,eolus,4
1495,eosin,4
1496,epact,4
1497,ephah,3
1498,ephor,3
1499,epoch,2
1500,epode,6
1501,epona,4
1502,epoxy,5
1503,eppur,5
1504,epsom,5
1505,equal,5
1506,equip,5
1507,equus,5
1508,erase,5
1509,erato,3
1510,erect,5
1511,ergot,4
1512,erica,3
1513,erode,6
1514,erose,5
1515,erous,5
1516,error,5
1517,erste,5
1518,eruca,4
1519,erunt,5
1520,espri,5
1521,essay,5
1522,essen,5
1523,ester,6
1524,estop,5
1525,etage,5
1526,ether,5
1527,ethic,3
1528,ethos,5
1529,ethyl,5
1530,etude,5
1531,eundo,4
1532,evade,5
1533,event,5
1534,evert,7
1535,every,7
1536,evict,4
1537,evoke,5
1538,evove,6
1539,exact,5
1540,exalt,4
1541,excel,4
1542,exegi,5
1543,exert,7
1544,exile,6
1545,exist,5
1546,exode,7
1547,expel,6
1548,extol,5
1549,extra,5
1550,exude,6
1551,exult,4
1552,faber,4
1553,fable,3
1554,faced,2
1555,facer,3
1556,faces,4
1557,facet,5
1558,facia,4
1559,facie,3
1560,facit,3
1561,facon,3
1562,facta,5
1563,facti,4
1564,facto,3
1565,facts,4
1566,faded,3
1567,fadge,2
1568,fagin,3
1569,fagot,4
1570,fagus,4
1571,fails,4
1572,faint,4
1573,faire,3
1574,fairy,4
1575,faith,3
1576,faker,3
1577,fakir,3
1578,falak,4
1579,falco,3
1580,falln,3
1581,falls,5
1582,false,4
1583,falsi,3
1584,famed,3
1585,fames,4
1586,fancy,4
1587,fandi,2
1588,fando,3
1589,fangs,3
1590,fanny,5
1591,fanon,4
1592,farad,4
1593,farce,3
1594,fargo,3
1595,farsi,4
1596,fatal,5
1597,fated,4
1598,fates,5
1599,fatso,4
1600,fatta,7
1601,fatty,6
1602,faugh,2
1603,fauld,3
1604,faule,5
1605,fault,5
1606,fauna,4
1607,faust,5
1608,faute,5
1609,favet,5
1610,favor,4
1611,fears,3
1612,feast,3
1613,feats,4
1614,feaze,5
1615,fecal,3
1616,feces,5
1617,fecit,3
1618,feels,4
1619,feeze,7
1620,feign,3
1621,feint,3
1622,felis,3
1623,felix,4
1624,felon,3
1625,femme,4
1626,femur,3
1627,fence,3
1628,fenny,4
1629,feoff,5
1630,feral,4
1631,ferat,5
1632,feria,3
1633,feroe,4
1634,ferre,5
1635,ferry,5
1636,fesse,6
1637,fetal,5
1638,fetch,2
1639,feted,3
1640,fetid,3
1641,fetor,4
1642,fetus,4
1643,fever,5
1644,fewer,6
1645,fianc,3
1646,fiber,3
1647,fichu,3
1648,ficus,4
1649,fidei,4
1650,fides,3
1651,fidus,4
1652,fieff,4
1653,field,2
1654,fiend,3
1655,fieri,4
1656,fiery,3
1657,fifer,7
1658,fifth,5
1659,fifty,4
1660,fight,3
1661,filar,3
1662,filch,2
1663,filer,3
1664,files,4
1665,fille,3
1666,filly,4
1667,filmy,3
1668,filth,3
1669,final,3
1670,finch,3
1671,finds,3
1672,fined,3
1673,finem,3
1674,finer,4
1675,finis,4
1676,fiord,2
1677,fires,4
1678,firma,4
1679,first,3
1680,firth,4
1681,fishs,4
1682,fishy,3
1683,fitly,4
1684,fiver,5
1685,fives,5
1686,fixed,4
1687,fixer,6
1688,fjord,3
1689,flags,3
1690,flail,4
1691,flair,3
1692,flake,3
1693,flaky,5
1694,flamb,2
1695,flame,4
1696,flank,3
1697,flant,4
1698,flare,5
1699,flash,2
1700,flask,4
1701,flats,5
1702,fleck,2
1703,fleer,4
1704,fleet,4
1705,flesh,2
1706,fleur,3
1707,flick,2
1708,flier,3
1709,flies,4
1710,fling,3
1711,flint,4
1712,flirt,3
1713,float,4
1714,flock,3
1715,flood,3
1716,floor,4
1717,flora,4
1718,floss,5
1719,flour,3
1720,flout,4
1721,flown,3
1722,fluff,4
1723,fluid,3
1724,fluke,3
1725,flume,4
1726,flunk,3
1727,flush,3
1728,flute,5
1729,flyer,4
1730,foamy,4
1731,focal,3
1732,focis,3
1733,focus,3
1734,foehn,3
1735,fogey,4
1736,foggy,4
1737,foils,3
1738,foist,4
1739,folio,4
1740,folks,3
1741,folly,4
1742,fomes,4
1743,fomor,4
1744,fools,4
1745,foots,4
1746,foram,4
1747,foray,5
1748,force,3
1749,forge,3
1750,forma,4
1751,forms,3
1752,forte,4
1753,forth,3
1754,forti,3
1755,forty,4
1756,forum,4
1757,fossa,5
1758,fosse,4
1759,fouet,5
1760,foule,3
1761,found,3
1762,fount,5
1763,fours,3
1764,fovea,4
1765,fowls,4
1766,foyer,4
1767,fraca,3
1768,frail,3
1769,frais,3
1770,frame,3
1771,franc,3
1772,frank,3
1773,frapp,4
1774,fraud,3
1775,fraus,4
1776,freak,3
1777,freed,4
1778,fresh,3
1779,freud,3
1780,freya,4
1781,friar,4
1782,fried,3
1783,frigg,3
1784,frill,5
1785,frise,3
1786,frisk,4
1787,frith,4
1788,frizz,6
1789,frock,3
1790,froid,3
1791,frond,3
1792,frons,4
1793,front,5
1794,frore,4
1795,frost,5
1796,froth,3
1797,frown,5
1798,fruit,4
1799,frump,3
1800,fryer,4
1801,fucus,4
1802,fudge,3
1803,fuego,3
1804,fuels,3
1805,fugal,3
1806,fuggy,4
1807,fugit,4
1808,fugue,4
1809,fullc,3
1810,fully,4
1811,fumed,3
1812,fumes,4
1813,fumid,4
1814,funds,3
1815,fungi,4
1816,funky,4
1817,funny,4
1818,furan,3
1819,furor,5
1820,furst,4
1821,furto,4
1822,furze,4
1823,fusee,4
1824,fusel,4
1825,fusil,4
1826,fussy,6
1827,fusty,5
1828,futon,4
1829,fuzzy,6
1830,gabel,3
1831,gable,4
1832,gabon,3
1833,gaddi,5
1834,gadus,3
1835,gaffe,3
1836,gager,9
1837,gaily,3
1838,galan,4
1839,galax,4
1840,galen,4
1841,galop,3
1842,gamba,4
1843,games,5
1844,gamey,6
1845,gamic,3
1846,gamin,3
1847,gamma,6
1848,gammy,5
1849,gamut,4
1850,ganja,4
1851,gansu,5
1852,garde,3
1853,garth,4
1854,gassy,6
1855,gates,6
1856,gaudy,4
1857,gauge,5
1858,gaunt,4
1859,gauri,4
1860,gauss,5
1861,gauze,4
1862,gavel,5
1863,gavia,4
1864,gavot,4
1865,gawky,5
1866,gayal,4
1867,gazer,4
1868,geant,3
1869,gecko,3
1870,geese,6
1871,geist,3
1872,gelid,2
1873,gemma,4
1874,genet,5
1875,genic,3
1876,genie,4
1877,genip,3
1878,genoa,3
1879,genou,3
1880,genre,4
1881,genug,5
1882,genus,4
1883,gerea,4
1884,germy,4
1885,geste,5
1886,ghana,4
1887,ghaut,4
1888,ghost,3
1889,ghoul,3
1890,ghyll,4
1891,giant,3
1892,gidar,4
1893,giddy,4
1894,gifts,3
1895,gigue,4
1896,giles,4
1897,gills,4
1898,gimel,3
1899,giova,4
1900,girru,3
1901,girth,3
1902,gismo,4
1903,given,4
1904,giver,4
1905,glade,2
1906,glair,3
1907,gland,2
1908,glans,3
1909,glare,3
1910,glass,5
1911,glaux,4
1912,glave,4
1913,glaze,5
1914,gleam,3
1915,glean,4
1916,gleba,4
1917,glebe,4
1918,gleek,3
1919,gleet,4
1920,glenn,4
1921,glide,3
1922,glint,5
1923,glitz,5
1924,gloam,3
1925,gloar,4
1926,gloat,5
1927,globe,3
1928,glogg,7
1929,gloom,4
1930,glory,3
1931,gloss,6
1932,glout,5
1933,glove,4
1934,gloze,5
1935,gluck,3
1936,glued,3
1937,gluey,5
1938,glume,4
1939,gluon,4
1940,glyph,4
1941,gnarl,3
1942,gnash,3
1943,gnome,3
1944,gobio,3
1945,godly,3
1946,going,5
1947,golem,3
1948,golly,5
1949,gondi,4
1950,goner,4
1951,goods,3
1952,goody,4
1953,gooey,4
1954,goose,5
1955,goosh,3
1956,goral,4
1957,goran,4
1958,gorge,5
1959,gorki,3
1960,gorse,4
1961,gotha,4
1962,gouda,3
1963,gouge,5
1964,gourd,3
1965,gouty,5
1966,grace,2
1967,grade,3
1968,grado,3
1969,graft,3
1970,grail,3
1971,grain,3
1972,grama,5
1973,grand,3
1974,grano,4
1975,grant,4
1976,grape,3
1977,graph,3
1978,grasp,4
1979,grass,5
1980,grata,4
1981,grate,4
1982,grave,5
1983,gravy,6
1984,graze,6
1985,great,4
1986,grebe,4
1987,greed,3
1988,greek,3
1989,green,4
1990,greet,5
1991,grias,4
1992,grids,3
1993,grief,3
1994,grift,3
1995,grill,5
1996,grime,3
1997,grimm,5
1998,grimy,4
1999,grind,3
2000,griot,4
2001,gripe,4
2002,grips,3
2003,grist,4
2004,grits,4
2005,groan,4
2006,groat,4
2007,grody,3
2008,groin,3
2009,groom,5
2010,grope,4
2011,gross,8
2012,grosz,7
2013,group,4
2014,grout,6
2015,grove,5
2016,growl,4
2017,grown,4
2018,gruel,4
2019,gruff,3
2020,grume,4
2021,grump,3
2022,grunt,4
2023,guama,4
2024,guano,5
2025,guard,3
2026,guava,5
2027,guess,5
2028,guest,4
2029,guide,4
2030,guild,3
2031,guile,4
2032,guilt,5
2033,guise,4
2034,gulag,5
2035,gulch,3
2036,gules,4
2037,gully,4
2038,gulph,3
2039,gumbo,3
2040,gumma,4
2041,guppy,5
2042,gurge,4
2043,gurry,4
2044,gusto,4
2045,gusty,5
2046,gutsy,5
2047,guyot,5
2048,gypsy,4
2049,gyral,4
2050,gyrus,4
2051,haber,2
2052,habet,3
2053,habit,3
2054,hacek,2
2055,hadal,3
2056,hades,2
2057,hadji,2
2058,haida,3
2059,haifa,3
2060,haiku,4
2061,hairs,5
2062,hairy,6
2063,haiti,4
2064,hajji,3
2065,hakea,5
2066,hakka,6
2067,haler,3
2068,halma,5
2069,halve,3
2070,hamal,6
2071,haman,4
2072,hammy,5
2073,hands,3
2074,handy,4
2075,hangs,3
2076,hanoi,3
2077,haply,5
2078,happy,6
2079,hardy,4
2080,harem,4
2081,harms,4
2082,harpy,5
2083,harry,6
2084,harsh,4
2085,hasta,5
2086,haste,3
2087,hasty,4
2088,hatch,9
2089,hated,3
2090,hater,4
2091,haugh,4
2092,haulm,4
2093,haunt,5
2094,hausa,5
2095,haute,4
2096,haven,4
2097,havoc,4
2098,hawse,4
2099,haydn,4
2100,hayes,3
2101,hazel,4
2102,heads,3
2103,heady,4
2104,heald,2
2105,heaps,3
2106,heard,3
2107,heart,4
2108,heath,3
2109,heave,6
2110,heavy,5
2111,hecha,2
2112,hedge,3
2113,heels,4
2114,hefty,3
2115,hegel,3
2116,heirs,3
2117,heiss,4
2118,heist,4
2119,helen,5
2120,helix,3
2121,hello,4
2122,hells,5
2123,helot,3
2124,helps,4
2125,helve,6
2126,hemal,2
2127,hemic,2
2128,hence,2
2129,henna,3
2130,henry,4
2131,herba,2
2132,herbe,3
2133,herbs,2
2134,herds,5
2135,herod,4
2136,heron,4
2137,hertz,4
2138,heure,5
2139,hevea,4
2140,hewer,6
2141,hexed,5
2142,hider,2
2143,hight,9
2144,hiker,3
2145,hilar,3
2146,hills,3
2147,hilly,4
2148,hilum,3
2149,hinan,4
2150,hindi,4
2151,hindu,3
2152,hinge,3
2153,hinny,4
2154,hired,3
2155,hitch,6
2156,hoard,3
2157,hoary,3
2158,hobby,3
2159,hocus,3
2160,hogan,3
2161,hoist,3
2162,hoity,4
2163,hokan,4
2164,holds,3
2165,holes,3
2166,holey,4
2167,holly,5
2168,holus,4
2169,homer,3
2170,homes,4
2171,homme,5
2172,honey,4
2173,honor,5
2174,honos,5
2175,honte,3
2176,hooch,6
2177,hooks,4
2178,hopes,5
2179,horde,3
2180,horns,4
2181,horny,4
2182,horse,4
2183,horst,4
2184,horsy,5
2185,horus,4
2186,hosea,3
2187,hosta,4
2188,hosts,5
2189,hotei,3
2190,hotel,4
2191,hough,7
2192,hound,3
2193,houri,4
2194,hours,5
2195,house,6
2196,hovea,3
2197,hovel,5
2198,hover,4
2199,hoyle,4
2200,hubby,3
2201,huffy,4
2202,hulks,3
2203,hulky,4
2204,human,4
2205,humid,3
2206,humor,4
2207,humph,3
2208,humus,4
2209,hunch,6
2210,hundi,4
2211,hunks,4
2212,hurry,5
2213,hurst,4
2214,husky,4
2215,hussy,5
2216,hutch,5
2217,huzza,5
2218,hydra,3
2219,hyena,3
2220,hygre,3
2221,hymen,4
2222,hyoid,4
2223,hypha,4
2224,hyrax,4
2225,ibeam,3
2226,ibsen,3
2227,ichor,4
2228,icily,4
2229,icing,4
2230,ictus,5
2231,idaho,2
2232,ideal,3
2233,ideas,4
2234,idiom,5
2235,idiot,5
2236,idler,4
2237,idocy,4
2238,idols,3
2239,idyll,4
2240,igigi,5
2241,igloo,4
2242,ignis,4
2243,ilama,4
2244,ileum,3
2245,iliac,3
2246,iliad,4
2247,ilium,4
2248,illae,4
2249,illis,5
2250,image,3
2251,imago,3
2252,imaum,5
2253,imbed,2
2254,imbeu,3
2255,imbue,3
2256,imide,6
2257,immix,4
2258,impel,3
2259,imply,4
2260,inlaw,5
2261,inane,5
2262,inani,5
2263,inapt,4
2264,incur,5
2265,incus,4
2266,index,4
2267,india,4
2268,indic,3
2269,indra,3
2270,indri,3
2271,indue,5
2272,indus,5
2273,inept,4
2274,inert,5
2275,inest,4
2276,infer,4
2277,infix,4
2278,infra,3
2279,ingle,3
2280,ingot,3
2281,inkle,4
2282,inlay,6
2283,inlet,4
2284,inner,5
2285,inset,5
2286,inter,4
2287,intra,5
2288,intro,3
2289,inula,4
2290,inure,4
2291,inurn,4
2292,invar,5
2293,ionia,4
2294,ionic,7
2295,iowan,4
2296,ipsus,5
2297,irani,4
2298,iraqi,4
2299,irate,4
2300,irena,4
2301,irish,5
2302,iroin,4
2303,irons,4
2304,irony,5
2305,irota,5
2306,irula,5
2307,isaac,4
2308,isere,5
2309,islam,4
2310,islet,5
2311,issue,5
2312,issus,6
2313,istic,4
2314,istos,4
2315,italy,5
2316,items,4
2317,ivied,4
2318,ivory,4
2319,ixion,4
2320,jabot,4
2321,jacal,4
2322,jacet,3
2323,jacks,4
2324,jacob,3
2325,jacta,4
2326,jaded,4
2327,jaffa,3
2328,jagah,3
2329,jager,3
2330,jahre,3
2331,jakes,3
2332,jaldi,3
2333,james,4
2334,janty,5
2335,janua,6
2336,janus,5
2337,japan,4
2338,jason,5
2339,jaunt,4
2340,jazzy,5
2341,jecur,4
2342,jello,4
2343,jelly,5
2344,jemmy,5
2345,jenny,5
2346,jerez,6
2347,jerid,4
2348,jerks,4
2349,jerky,5
2350,jerry,5
2351,jests,5
2352,jesus,5
2353,jeter,5
2354,jetty,5
2355,jeune,4
2356,jewel,7
2357,jewis,6
2358,jhuth,4
2359,jiffy,4
2360,jihad,3
2361,jimmy,5
2362,jingo,3
2363,jinks,4
2364,jiqui,5
2365,jnuis,4
2366,joint,4
2367,joist,4
2368,joker,4
2369,jokes,5
2370,jolly,4
2371,jonah,3
2372,jones,4
2373,jorum,3
2374,jotun,4
2375,jouir,4
2376,joule,3
2377,joust,4
2378,jubeo,3
2379,judas,5
2380,judge,3
2381,juice,4
2382,juicy,3
2383,julep,4
2384,jumbo,4
2385,jumps,4
2386,junco,3
2387,junta,4
2388,junto,4
2389,jural,4
2390,jurat,4
2391,juris,4
2392,juror,4
2393,juste,4
2394,jutty,4
2395,kabob,4
2396,kabul,4
2397,kadai,3
2398,kafir,3
2399,kafka,4
2400,kahin,3
2401,kalki,5
2402,kalon,4
2403,kamba,4
2404,kamet,5
2405,kamia,5
2406,kansa,5
2407,kanzu,5
2408,kapok,5
2409,kappa,5
2410,kaput,4
2411,karat,5
2412,karen,5
2413,karma,5
2414,karok,5
2415,kasha,4
2416,kauai,5
2417,kauri,5
2418,kayak,6
2419,kazak,6
2420,kazan,6
2421,kazoo,5
2422,keats,5
2423,keble,3
2424,kedge,3
2425,keeps,5
2426,kempt,4
2427,kenaf,3
2428,kenya,4
2429,ketch,3
2430,keyed,4
2431,khaki,3
2432,khana,5
2433,khaya,5
2434,khmer,3
2435,khoja,3
2436,khoum,3
2437,khudd,4
2438,khuen,3
2439,kiack,4
2440,kiang,3
2441,kiddy,4
2442,kills,4
2443,kimbo,2
2444,kinds,4
2445,kings,3
2446,kinky,4
2447,kiosk,4
2448,kiowa,4
2449,kites,5
2450,kitty,4
2451,klutz,5
2452,knack,5
2453,knarl,4
2454,knave,5
2455,knead,4
2456,kneed,4
2457,kneel,4
2458,knees,4
2459,knell,4
2460,knife,4
2461,knish,4
2462,knock,4
2463,knoll,4
2464,knout,4
2465,known,6
2466,knows,5
2467,knurl,3
2468,knurr,4
2469,koala,5
2470,kobus,3
2471,kogia,3
2472,koine,4
2473,kokka,5
2474,kolam,4
2475,kongo,4
2476,kopek,6
2477,kopje,4
2478,koran,4
2479,korea,4
2480,kotow,5
2481,kraal,4
2482,kraft,4
2483,krait,4
2484,kraut,5
2485,krill,4
2486,krubi,3
2487,krupp,4
2488,kudzu,4
2489,kursi,4
2490,kurux,5
2491,kusan,4
2492,kvass,4
2493,kwack,6
2494,kwela,5
2495,kyles,5
2496,kylie,5
2497,kyoto,5
2498,label,4
2499,labor,4
2500,laced,3
2501,laden,3
2502,ladle,4
2503,ladys,4
2504,lagan,4
2505,lager,4
2506,lagos,4
2507,lahar,4
2508,laird,3
2509,laity,4
2510,lally,7
2511,lamba,4
2512,lamia,6
2513,lamna,4
2514,lampe,4
2515,lanai,4
2516,lance,3
2517,lands,3
2518,lanky,5
2519,lapel,6
2520,lapin,4
2521,lapis,5
2522,lapse,4
2523,larch,3
2524,lares,5
2525,large,4
2526,largo,4
2527,larid,4
2528,larix,6
2529,larum,4
2530,larus,5
2531,larva,5
2532,laser,5
2533,lashd,3
2534,lasso,4
2535,latch,3
2536,later,6
2537,latet,8
2538,latex,7
2539,lathe,4
2540,lathi,3
2541,latin,5
2542,laudo,4
2543,laugh,3
2544,laver,7
2545,laxly,5
2546,layby,5
2547,layer,8
2548,layia,4
2549,leach,2
2550,leads,2
2551,leafy,3
2552,leaky,4
2553,leaps,3
2554,learl,5
2555,learn,4
2556,lease,4
2557,leash,3
2558,least,3
2559,leave,5
2560,leben,4
2561,ledge,3
2562,ledum,3
2563,leech,4
2564,leeds,5
2565,leery,6
2566,legal,5
2567,legem,4
2568,leges,5
2569,leggy,5
2570,legis,3
2571,legon,3
2572,leman,3
2573,lemma,4
2574,lemna,3
2575,lemon,3
2576,lemur,4
2577,lends,4
2578,lenin,5
2579,lente,4
2580,lento,4
2581,leone,5
2582,lepas,5
2583,leper,5
2584,lepus,4
2585,lerot,4
2586,lethe,3
2587,letup,5
2588,leuco,4
2589,levee,6
2590,level,7
2591,lever,5
2592,levis,5
2593,levin,4
2594,lexis,5
2595,leyte,6
2596,lhasa,4
2597,liana,3
2598,libel,5
2599,libet,4
2600,libra,3
2601,libya,4
2602,licet,3
2603,licit,4
2604,liein,4
2605,liege,3
2606,lifer,3
2607,liger,4
2608,light,4
2609,ligne,4
2610,ligno,4
2611,liked,3
2612,likes,4
2613,likin,4
2614,lilac,4
2615,lilly,5
2616,limae,4
2617,limax,5
2618,limbo,3
2619,limbs,3
2620,limey,4
2621,limit,4
2622,limoe,4
2623,limpa,4
2624,lindy,4
2625,linea,3
2626,lined,4
2627,linen,6
2628,liner,5
2629,lines,5
2630,lingo,4
2631,lions,3
2632,lipid,3
2633,lisle,3
2634,lisom,4
2635,lists,5
2636,litem,5
2637,liter,6
2638,lites,6
2639,lithe,4
2640,lived,5
2641,liver,7
2642,lives,7
2643,livid,4
2644,livor,4
2645,llaga,4
2646,llama,6
2647,llano,5
2648,loach,2
2649,loamy,5
2650,loasa,5
2651,loath,3
2652,lobar,3
2653,lobby,4
2654,lobed,3
2655,local,5
2656,locke,3
2657,locks,4
2658,locos,5
2659,locum,4
2660,locus,4
2661,lodge,3
2662,loeil,4
2663,loess,4
2664,lofty,3
2665,logan,4
2666,logic,3
2667,logos,4
2668,loins,4
2669,loire,4
2670,lolly,5
2671,lonas,5
2672,loner,4
2673,longo,4
2674,looby,5
2675,loofa,4
2676,lookd,3
2677,looks,4
2678,loose,5
2679,lords,3
2680,lorry,4
2681,losel,6
2682,loser,5
2683,lotto,5
2684,lotus,4
2685,lough,3
2686,loupe,4
2687,loups,4
2688,louse,5
2689,lousy,5
2690,loved,5
2691,lover,6
2692,loves,5
2693,lovoa,5
2694,lower,7
2695,lowly,5
2696,loxia,4
2697,loyal,6
2698,lucan,3
2699,lucid,3
2700,lucky,4
2701,lucre,4
2702,lucri,4
2703,lucus,5
2704,luffa,4
2705,luger,4
2706,luggy,5
2707,lukes,4
2708,lulld,4
2709,lumen,4
2710,lumpy,4
2711,lunar,4
2712,lunch,3
2713,lunda,3
2714,lunge,4
2715,lungi,4
2716,lungs,4
2717,lupus,4
2718,lurch,4
2719,lurid,4
2720,lushy,3
2721,lusty,5
2722,lusus,5
2723,lutra,4
2724,luxor,4
2725,luyia,5
2726,luzon,5
2727,lygus,4
2728,lying,5
2729,lymph,4
2730,lynch,4
2731,lyram,4
2732,lyric,4
2733,lysis,5
2734,lysol,4
2735,maana,5
2736,mabap,4
2737,macao,5
2738,macaw,4
2739,macht,4
2740,macon,4
2741,macro,4
2742,macte,4
2743,madam,5
2744,madia,4
2745,madid,5
2746,madly,4
2747,mafia,4
2748,magic,4
2749,magma,5
2750,magna,4
2751,magni,3
2752,magno,3
2753,magog,4
2754,magus,4
2755,mahoe,4
2756,maidu,3
2757,maine,3
2758,major,4
2759,maker,5
2760,makes,4
2761,malay,6
2762,maldu,3
2763,maleo,4
2764,malis,4
2765,malmo,5
2766,malta,5
2767,malto,5
2768,malum,5
2769,malus,4
2770,malva,6
2771,mamba,6
2772,mamey,7
2773,mamma,6
2774,mammy,5
2775,manda,4
2776,mande,3
2777,manes,4
2778,manet,5
2779,mange,3
2780,mango,3
2781,mangy,4
2782,mania,4
2783,manie,4
2784,manis,3
2785,manly,5
2786,manna,6
2787,manor,4
2788,manse,4
2789,mansi,3
2790,manta,5
2791,manul,4
2792,manus,5
2793,maori,4
2794,maple,4
2795,marah,4
2796,march,4
2797,mardi,4
2798,marek,4
2799,mares,5
2800,maria,6
2801,marks,4
2802,marry,6
2803,marsh,3
2804,marte,5
2805,marut,5
2806,masai,5
2807,maser,5
2808,mashi,4
2809,mason,4
2810,masse,7
2811,massy,5
2812,matai,5
2813,match,4
2814,mated,4
2815,mater,6
2816,matin,4
2817,matzo,5
2818,maund,4
2819,maure,6
2820,mauve,6
2821,mavis,6
2822,maxim,7
2823,mayan,4
2824,maybe,4
2825,mayor,5
2826,mazed,5
2827,mazer,6
2828,mccoy,4
2829,mealy,4
2830,means,5
2831,meant,4
2832,meaty,4
2833,mecca,3
2834,mecum,3
2835,medal,3
2836,medea,3
2837,medes,5
2838,media,2
2839,medic,2
2840,medio,4
2841,medoc,3
2842,meets,5
2843,melee,6
2844,meles,5
2845,melia,3
2846,melic,3
2847,melon,4
2848,memor,4
2849,mente,5
2850,merci,2
2851,mercy,3
2852,merge,4
2853,merit,4
2854,merry,5
2855,mesic,4
2856,mesne,5
2857,meson,4
2858,messy,5
2859,mesua,3
2860,metal,3
2861,meter,4
2862,metic,5
2863,metis,5
2864,metro,4
2865,meurt,4
2866,meuse,4
2867,mewed,5
2868,mezzo,5
2869,miami,5
2870,miasm,5
2871,micro,3
2872,midon,4
2873,midas,4
2874,middy,5
2875,midge,3
2876,midst,4
2877,mieux,5
2878,might,5
2879,milan,4
2880,milch,3
2881,miler,4
2882,milky,4
2883,mimer,7
2884,mimic,5
2885,mimir,5
2886,mimus,5
2887,mince,4
2888,minds,5
2889,mined,3
2890,miner,4
2891,minim,5
2892,minis,5
2893,minor,4
2894,minos,4
2895,minsk,4
2896,minus,4
2897,mirth,4
2898,misce,4
2899,misdo,4
2900,miser,4
2901,missa,6
2902,mists,5
2903,misty,5
2904,mitad,4
2905,miter,5
2906,mitra,5
2907,miwok,5
2908,mixed,4
2909,mixen,4
2910,mixer,6
2911,mnium,4
2912,mocha,4
2913,modal,4
2914,model,4
2915,modem,5
2916,modes,4
2917,modue,4
2918,modus,4
2919,mogul,3
2920,moire,4
2921,moist,5
2922,mokes,4
2923,molar,4
2924,moldy,4
2925,moles,4
2926,molly,5
2927,molto,4
2928,molva,4
2929,momus,5
2930,monad,3
2931,monal,4
2932,monde,4
2933,money,5
2934,mongo,4
2935,monte,4
2936,month,4
2937,mooch,5
2938,moods,4
2939,moody,4
2940,moore,7
2941,moory,5
2942,moose,5
2943,moped,3
2944,mopsy,4
2945,mopus,4
2946,moral,5
2947,moray,4
2948,morbo,3
2949,morel,4
2950,mores,5
2951,mormo,5
2952,morra,5
2953,morse,4
2954,morta,4
2955,morus,4
2956,mosan,5
2957,moses,7
2958,mossa,5
2959,mossy,5
2960,motel,5
2961,motet,6
2962,motif,3
2963,motor,5
2964,motte,5
2965,motto,5
2966,mould,3
2967,mound,4
2968,mount,4
2969,mourn,3
2970,mouse,5
2971,mousy,5
2972,mouth,3
2973,moved,4
2974,mover,5
2975,moves,6
2976,movie,4
2977,msdos,4
2978,msasa,5
2979,mucid,4
2980,mucin,4
2981,mucky,4
2982,mucor,4
2983,mucus,5
2984,muddy,4
2985,mudra,4
2986,mufti,3
2987,muggy,4
2988,mugil,3
2989,mujer,4
2990,mulch,4
2991,mulct,3
2992,mulet,4
2993,multa,5
2994,multi,4
2995,mumbo,5
2996,mummy,6
2997,mumps,5
2998,munch,4
2999,munda,4
3000,mundi,4
3001,muori,3
3002,muove,6
3003,mural,4
3004,murem,5
3005,murky,4
3006,muros,4
3007,murre,4
3008,murus,5
3009,musca,4
3010,muses,5
3011,musgu,4
3012,mushy,4
3013,music,4
3014,musky,5
3015,mussy,7
3016,musty,6
3017,mutal,5
3018,mutum,5
3019,muzzy,5
3020,mwera,5
3021,mylar,5
3022,myoid,3
3023,myoma,5
3024,myope,5
3025,myrrh,5
3026,mysis,4
3027,nabob,5
3028,nacho,4
3029,nacre,3
3030,nadir,3
3031,nager,5
3032,naiad,4
3033,naias,5
3034,naiki,4
3035,nails,4
3036,naira,5
3037,naive,4
3038,naked,3
3039,named,4
3040,names,5
3041,nammu,4
3042,nanna,7
3043,nanny,7
3044,naomi,4
3045,napha,4
3046,nappy,5
3047,naris,4
3048,nasal,5
3049,nasci,4
3050,nasty,6
3051,nasua,6
3052,natal,6
3053,natch,5
3054,natty,6
3055,natus,5
3056,nauru,6
3057,naval,7
3058,navel,6
3059,navvy,6
3060,nawab,4
3061,neats,6
3062,necio,4
3063,necks,4
3064,needs,5
3065,needy,6
3066,nefas,4
3067,negev,5
3068,negro,4
3069,negus,4
3070,nehru,4
3071,neigh,2
3072,nella,4
3073,nenia,5
3074,nepal,5
3075,nepos,4
3076,neque,5
3077,nerve,6
3078,nervy,5
3079,never,5
3080,nevis,5
3081,newel,5
3082,newly,4
3083,newsy,5
3084,nexus,5
3085,nguni,5
3086,ngwee,4
3087,niais,4
3088,nicad,2
3089,niche,3
3090,nicht,4
3091,nidor,3
3092,nidus,4
3093,niece,3
3094,niffy,5
3095,niger,3
3096,night,6
3097,nihau,4
3098,nihil,4
3099,nilly,4
3100,nimis,4
3101,ninny,6
3102,ninos,5
3103,ninth,5
3104,nintu,6
3105,niobe,3
3106,nisan,6
3107,nisus,5
3108,niter,4
3109,nitid,5
3110,nitor,5
3111,nixie,4
3112,nixon,6
3113,nizam,6
3114,njord,3
3115,nohit,4
3116,noahs,3
3117,nobis,4
3118,noble,3
3119,nobly,3
3120,nocet,3
3121,noddy,4
3122,nodus,5
3123,noire,4
3124,noise,5
3125,noisy,5
3126,nolle,4
3127,nomad,3
3128,nomia,4
3129,nonce,5
3130,nones,5
3131,nonny,6
3132,nonum,4
3133,noobe,5
3134,noose,5
3135,nopal,4
3136,noria,5
3137,norma,5
3138,north,4
3139,nosce,4
3140,nosed,4
3141,notch,4
3142,noted,5
3143,notes,5
3144,notre,4
3145,novel,5
3146,novus,5
3147,nubes,4
3148,nudge,4
3149,nugae,4
3150,nugas,4
3151,nulla,4
3152,nulli,5
3153,numen,5
3154,nummi,4
3155,numps,4
3156,nuova,4
3157,nurse,5
3158,nusku,5
3159,nutty,4
3160,nwill,5
3161,nyala,4
3162,nylon,5
3163,nymph,4
3164,nyssa,5
3165,oaken,4
3166,oakum,4
3167,oasis,5
3168,oaten,5
3169,oaths,3
3170,obeah,2
3171,obese,4
3172,occur,5
3173,ocean,4
3174,ocher,3
3175,ochna,3
3176,octal,4
3177,octet,4
3178,oculi,3
3179,odium,4
3180,oevum,4
3181,offal,5
3182,offer,4
3183,often,3
3184,ogham,3
3185,ogler,4
3186,ohmic,3
3187,oiled,4
3188,okapi,4
3189,olden,4
3190,older,5
3191,oleum,4
3192,olive,5
3193,ology,5
3194,omaha,4
3195,omani,4
3196,omega,3
3197,omnem,5
3198,omnes,4
3199,omnia,3
3200,omnib,3
3201,omnis,5
3202,onkey,5
3203,onine,5
3204,onion,5
3205,onset,5
3206,opepe,5
3207,opera,5
3208,opima,5
3209,opium,5
3210,opsin,5
3211,optez,5
3212,optic,3
3213,orach,3
3214,orbed,4
3215,orbem,3
3216,orbit,4
3217,order,5
3218,oread,5
3219,organ,5
3220,oriel,4
3221,origo,4
3222,orion,5
3223,oriya,5
3224,orlon,4
3225,ormer,5
3226,oryza,5
3227,osage,4
3228,osaka,5
3229,oscan,4
3230,oscar,4
3231,osier,5
3232,other,4
3233,otium,5
3234,ottar,6
3235,otter,6
3236,oudre,4
3237,ought,3
3238,ouija,5
3239,ounce,4
3240,ouphe,4
3241,outas,5
3242,outdo,4
3243,outer,5
3244,outgo,5
3245,outre,5
3246,ovary,5
3247,ovate,5
3248,overt,6
3249,ovoid,4
3250,ovule,4
3251,owing,4
3252,owlet,4
3253,owned,4
3254,owner,5
3255,oxbow,5
3256,oxeye,6
3257,oxide,4
3258,oxime,4
3259,oxlip,5
3260,ozone,6
3261,paced,4
3262,pacem,4
3263,pacer,5
3264,paces,6
3265,padda,6
3266,paddy,6
3267,padre,3
3268,padua,4
3269,paean,5
3270,paena,6
3271,pagan,5
3272,pagri,3
3273,pains,5
3274,paint,5
3275,pairs,4
3276,paisa,5
3277,palce,4
3278,palki,4
3279,palms,4
3280,palmy,5
3281,palsy,5
3282,panax,6
3283,paned,4
3284,panel,5
3285,pangs,4
3286,panic,3
3287,pansy,5
3288,panto,4
3289,pants,6
3290,papal,4
3291,papaw,6
3292,paper,7
3293,papio,5
3294,parch,5
3295,parer,8
3296,pares,6
3297,paris,5
3298,parit,5
3299,parji,4
3300,parka,5
3301,parol,4
3302,parry,6
3303,parse,5
3304,parte,5
3305,parti,5
3306,parts,5
3307,party,6
3308,parus,5
3309,parva,5
3310,parvo,4
3311,pasch,4
3312,pasha,5
3313,passe,7
3314,passu,5
3315,pasta,7
3316,paste,5
3317,pasty,6
3318,patas,6
3319,patch,6
3320,pater,5
3321,paths,4
3322,patio,4
3323,patty,6
3324,paulo,4
3325,pause,6
3326,paved,5
3327,pavis,6
3328,pawky,6
3329,payee,6
3330,payer,6
3331,pcoat,4
3332,peace,3
3333,peach,3
3334,peaks,4
3335,peaky,4
3336,pearl,4
3337,peaty,5
3338,pecan,3
3339,pecos,4
3340,pedal,3
3341,pedir,5
3342,peers,6
3343,peeve,6
3344,peice,3
3345,peine,5
3346,penal,4
3347,pence,4
3348,pengo,3
3349,penis,4
3350,penni,4
3351,penny,5
3352,pense,5
3353,peony,5
3354,peppy,6
3355,pepsi,4
3356,peras,5
3357,perca,2
3358,perch,4
3359,perde,6
3360,perdu,4
3361,perdy,5
3362,peril,3
3363,perit,5
3364,perry,6
3365,perte,6
3366,perth,4
3367,pesky,5
3368,petal,6
3369,peter,6
3370,petit,5
3371,petto,5
3372,petty,5
3373,pewee,7
3374,phage,3
3375,phase,3
3376,phial,3
3377,phlox,4
3378,phoca,2
3379,phone,4
3380,phony,5
3381,photo,5
3382,phyle,4
3383,physa,5
3384,piano,5
3385,picea,3
3386,pichi,5
3387,picot,4
3388,picul,4
3389,picus,5
3390,piece,4
3391,pieta,4
3392,piete,5
3393,piety,4
3394,pigmy,4
3395,pilaf,3
3396,pilea,4
3397,piles,5
3398,pilon,4
3399,pilot,5
3400,pilus,4
3401,pinch,4
3402,pinna,4
3403,pinon,6
3404,pinot,5
3405,pinto,4
3406,pinus,5
3407,pious,4
3408,pipal,6
3409,piped,5
3410,piper,7
3411,pipes,6
3412,pipit,5
3413,pipra,5
3414,pique,4
3415,piste,5
3416,pisum,4
3417,pitch,4
3418,pithy,3
3419,piton,5
3420,pitta,6
3421,pitys,5
3422,pivot,5
3423,pixel,5
3424,pizza,7
3425,place,3
3426,plage,3
3427,plaid,3
3428,plain,3
3429,plait,4
3430,plane,4
3431,plank,4
3432,plant,4
3433,plash,3
3434,plasm,4
3435,plate,5
3436,plato,5
3437,platy,6
3438,playa,6
3439,plays,5
3440,plaza,7
3441,plead,4
3442,pleas,4
3443,pleat,5
3444,plebe,4
3445,plena,4
3446,pliny,5
3447,ploce,4
3448,plomb,3
3449,plonk,3
3450,pluck,4
3451,plumb,3
3452,plume,4
3453,plump,4
3454,plunk,4
3455,plush,4
3456,pluto,4
3457,pness,5
3458,poach,3
3459,pocos,5
3460,poema,4
3461,poesy,5
3462,poets,5
3463,pogge,5
3464,point,5
3465,poise,5
3466,poker,5
3467,pokey,5
3468,polak,4
3469,polar,5
3470,poles,4
3471,polio,5
3472,polka,4
3473,polls,5
3474,polyp,5
3475,pommy,4
3476,ponca,3
3477,pongo,5
3478,pooch,5
3479,poori,4
3480,popin,5
3481,poppy,6
3482,porch,4
3483,porgy,4
3484,porte,5
3485,poser,5
3486,posse,6
3487,potos,5
3488,potto,5
3489,potty,5
3490,pouch,4
3491,pound,4
3492,pours,4
3493,power,6
3494,ppour,4
3495,praam,5
3496,prahu,3
3497,praia,5
3498,prame,4
3499,prank,4
3500,prate,5
3501,prawn,5
3502,praya,5
3503,prece,4
3504,preen,4
3505,press,5
3506,preux,4
3507,prfer,4
3508,priam,5
3509,price,5
3510,prick,3
3511,pride,4
3512,prima,5
3513,prime,4
3514,primo,4
3515,primp,5
3516,prink,4
3517,print,5
3518,prior,5
3519,prism,4
3520,prius,4
3521,privy,6
3522,prize,5
3523,probe,4
3524,proem,4
3525,prole,4
3526,prone,4
3527,prong,3
3528,proof,3
3529,prore,7
3530,prose,5
3531,prosy,5
3532,proud,3
3533,prove,6
3534,prowl,4
3535,proxy,6
3536,prude,5
3537,prune,4
3538,psalm,4
3539,pshaw,4
3540,psora,4
3541,psych,5
3542,ptyas,5
3543,pubes,5
3544,pubic,3
3545,pubis,3
3546,pudgy,3
3547,pudor,4
3548,pueri,4
3549,puffy,4
3550,pukka,5
3551,pulex,5
3552,pulpy,5
3553,pulse,4
3554,punce,5
3555,punch,5
3556,punic,3
3557,pupal,5
3558,pupil,4
3559,puppy,6
3560,puree,5
3561,purge,4
3562,purim,4
3563,puris,4
3564,purse,5
3565,pursy,4
3566,purus,5
3567,pusan,5
3568,pussy,5
3569,putid,5
3570,putty,5
3571,pydna,4
3572,pygmy,4
3573,pylon,4
3574,pyrex,5
3575,pyrus,5
3576,pyxie,5
3577,pyxis,4
3578,qatar,6
3579,qiana,5
3580,qiang,4
3581,quack,5
3582,quaff,4
3583,quail,4
3584,quake,5
3585,qualm,5
3586,quand,4
3587,quark,4
3588,quart,5
3589,quash,5
3590,quasi,4
3591,quean,5
3592,queen,4
3593,queer,5
3594,quell,5
3595,quern,5
3596,query,6
3597,quest,5
3598,queue,5
3599,quick,5
3600,quiet,4
3601,quiff,4
3602,quill,4
3603,quilt,4
3604,quine,6
3605,quint,4
3606,quips,5
3607,quipu,6
3608,quira,5
3609,quire,6
3610,quirk,4
3611,quirt,4
3612,quite,6
3613,quito,6
3614,quits,5
3615,quoad,5
3616,quoin,4
3617,quoit,5
3618,quota,5
3619,quote,5
3620,quoth,3
3621,rabat,5
3622,rabbi,3
3623,rabid,3
3624,racer,5
3625,radar,5
3626,radio,4
3627,radix,5
3628,radon,4
3629,rages,4
3630,rains,6
3631,rainy,6
3632,raise,4
3633,rajab,3
3634,rajah,4
3635,rally,5
3636,ramie,4
3637,ranch,4
3638,randy,5
3639,range,4
3640,rangy,5
3641,ranks,4
3642,raper,6
3643,rapid,4
3644,rapit,5
3645,raree,5
3646,ratan,6
3647,ratel,6
3648,ratio,5
3649,ravel,7
3650,raven,6
3651,raver,7
3652,rayon,7
3653,razor,6
3654,reach,4
3655,react,2
3656,ready,3
3657,realm,3
3658,reams,4
3659,reave,6
3660,rebel,5
3661,rebus,5
3662,rebut,3
3663,recce,3
3664,recte,5
3665,recti,4
3666,recto,4
3667,recur,5
3668,redan,4
3669,redet,6
3670,redly,4
3671,reedy,5
3672,reefs,4
3673,reefy,5
3674,reeky,5
3675,reeve,6
3676,refer,4
3677,refit,4
3678,regal,4
3679,regem,5
3680,reges,5
3681,regia,4
3682,regis,3
3683,regle,4
3684,regna,4
3685,regni,4
3686,regum,4
3687,regur,5
3688,reich,3
3689,reigh,3
3690,reign,4
3691,reins,4
3692,reise,4
3693,relax,5
3694,relay,6
3695,relic,4
3696,remis,4
3697,remit,4
3698,remus,4
3699,rendu,4
3700,renew,5
3701,rents,5
3702,repay,5
3703,repel,6
3704,reply,5
3705,rerum,6
3706,rerun,4
3707,reset,6
3708,resin,5
3709,reste,6
3710,resty,5
3711,retch,4
3712,retem,5
3713,revel,7
3714,revue,5
3715,rheum,4
3716,rhine,3
3717,rhino,4
3718,rhomb,3
3719,rhone,3
3720,rhumb,3
3721,rhyme,4
3722,riant,4
3723,ribes,4
3724,ricin,3
3725,rider,8
3726,ridge,4
3727,rifle,3
3728,rigel,4
3729,right,7
3730,rigid,3
3731,rigor,4
3732,rimer,6
3733,rings,3
3734,rinse,4
3735,rioja,4
3736,ripen,4
3737,risen,5
3738,riser,6
3739,risks,4
3740,risqu,5
3741,rissa,6
3742,risum,4
3743,rited,4
3744,rites,5
3745,ritzy,4
3746,rival,6
3747,rivel,4
3748,river,6
3749,rivet,5
3750,roach,4
3751,roads,4
3752,roast,5
3753,robes,4
3754,robin,3
3755,roble,4
3756,rocks,3
3757,rocky,4
3758,rodeo,6
3759,roger,5
3760,rogue,4
3761,rolls,4
3762,roman,5
3763,romeo,5
3764,romps,4
3765,rondo,4
3766,roods,4
3767,rooms,4
3768,roomy,5
3769,roost,5
3770,roots,5
3771,ropes,5
3772,ropey,6
3773,roppe,5
3774,roral,6
3775,roric,3
3776,rorid,3
3777,rosas,5
3778,roses,6
3779,rosin,5
3780,rotor,5
3781,rouge,5
3782,rough,4
3783,round,3
3784,rouse,5
3785,route,6
3786,rover,7
3787,rowan,6
3788,rowdy,5
3789,rowel,5
3790,rowen,6
3791,rower,7
3792,royal,5
3793,ruade,5
3794,rubia,4
3795,ruble,4
3796,rubus,3
3797,ruddy,4
3798,rudge,5
3799,rudis,4
3800,rudra,4
3801,rugby,3
3802,ruins,4
3803,ruled,5
3804,ruler,6
3805,rules,5
3806,rumal,5
3807,rumba,4
3808,rumen,4
3809,rumex,5
3810,rummy,4
3811,rumor,5
3812,runon,5
3813,runup,4
3814,runer,5
3815,runes,4
3816,runic,3
3817,rural,6
3818,rushy,5
3819,russe,5
3820,rusty,5
3821,sabah,2
3822,sabal,5
3823,saber,5
3824,sabin,3
3825,sable,5
3826,sabra,5
3827,sacra,5
3828,sacre,4
3829,sadhe,3
3830,sadhu,3
3831,sadly,4
3832,saepe,6
3833,safar,4
3834,sages,5
3835,sahib,2
3836,saick,3
3837,saiga,4
3838,sails,5
3839,saint,5
3840,salad,4
3841,salai,5
3842,salal,7
3843,salem,4
3844,salis,5
3845,salix,5
3846,sally,6
3847,salmi,4
3848,salmo,4
3849,salol,5
3850,salon,5
3851,salsa,7
3852,salto,5
3853,salts,6
3854,saltu,5
3855,salty,5
3856,salva,6
3857,salve,5
3858,salvo,6
3859,samba,5
3860,sambo,4
3861,samia,6
3862,samoa,5
3863,sanaa,6
3864,sands,4
3865,sandy,4
3866,sango,4
3867,sante,4
3868,santo,5
3869,saone,4
3870,sapid,4
3871,sapir,5
3872,sapis,6
3873,sapit,6
3874,sapor,4
3875,sappy,5
3876,saran,5
3877,sarda,5
3878,sarum,5
3879,satan,6
3880,satin,6
3881,satis,5
3882,satyr,5
3883,sauce,5
3884,saucy,4
3885,saudi,6
3886,sauna,5
3887,saury,6
3888,saute,5
3889,sauve,6
3890,saved,6
3891,saver,5
3892,savor,5
3893,savvy,6
3894,sawan,7
3895,saxon,6
3896,sayso,5
3897,scads,3
3898,scald,3
3899,scale,3
3900,scalp,4
3901,scaly,5
3902,scamp,5
3903,scant,4
3904,scape,3
3905,scare,4
3906,scarf,4
3907,scarp,4
3908,scars,5
3909,scath,3
3910,scaup,6
3911,scend,3
3912,scene,4
3913,scent,4
3914,schwa,4
3915,scion,4
3916,scire,4
3917,scobs,3
3918,scoff,3
3919,scold,3
3920,scone,4
3921,scoop,6
3922,scoot,6
3923,scopa,4
3924,scope,4
3925,score,5
3926,scorn,4
3927,scots,6
3928,scott,7
3929,scour,5
3930,scout,5
3931,scowl,4
3932,scrag,4
3933,scram,5
3934,scrap,6
3935,scree,5
3936,screw,4
3937,scrim,3
3938,scrip,4
3939,scrod,4
3940,scrub,3
3941,scrum,3
3942,scuff,4
3943,scull,4
3944,scurf,3
3945,scute,4
3946,seale,3
3947,seals,3
3948,seamy,4
3949,seats,7
3950,sebum,4
3951,sects,6
3952,sedan,5
3953,seder,5
3954,sedge,4
3955,sedgy,4
3956,sedum,4
3957,seeds,6
3958,seedy,6
3959,seems,5
3960,seent,5
3961,segar,5
3962,segno,5
3963,seine,5
3964,seize,5
3965,selar,5
3966,selma,4
3967,selon,5
3968,semel,4
3969,semen,6
3970,senes,6
3971,senna,5
3972,senor,4
3973,sense,7
3974,sente,6
3975,seoul,4
3976,sepal,5
3977,sepia,4
3978,sepoy,5
3979,serac,3
3980,serer,7
3981,serge,5
3982,seria,4
3983,serif,3
3984,serin,4
3985,seris,5
3986,seron,5
3987,serow,6
3988,serum,4
3989,serve,6
3990,servo,6
3991,setto,5
3992,setto,5
3993,setup,5
3994,seven,6
3995,sever,5
3996,sewed,6
3997,sewer,6
3998,sexed,6
3999,shack,2
4000,shade,2
4001,shady,4
4002,shaft,3
4003,shake,3
4004,shako,3
4005,shaky,5
4006,shale,4
4007,shall,7
4008,shame,5
4009,shank,4
4010,shape,6
4011,shard,3
4012,share,7
4013,shark,5
4014,sharp,5
4015,shave,8
4016,shawl,6
4017,shawm,7
4018,sheaf,3
4019,shear,4
4020,sheen,4
4021,sheep,5
4022,sheer,4
4023,sheet,6
4024,sheik,3
4025,shelf,4
4026,shell,5
4027,shend,4
4028,sheol,4
4029,shiah,4
4030,shift,3
4031,shina,4
4032,shine,4
4033,shiny,5
4034,shire,4
4035,shirk,4
4036,shirt,4
4037,shiva,5
4038,shive,5
4039,shoal,4
4040,shock,3
4041,shoes,4
4042,shogi,3
4043,shoji,4
4044,shook,4
4045,shoot,5
4046,shore,4
4047,shorn,3
4048,short,4
4049,shots,6
4050,shout,5
4051,shove,5
4052,shown,4
4053,showy,6
4054,shred,3
4055,shrew,3
4056,shrub,4
4057,shrug,3
4058,shuck,4
4059,shuha,5
4060,shunt,4
4061,shush,5
4062,shyly,4
4063,sibyl,3
4064,sided,7
4065,sides,7
4066,sidle,3
4067,siege,4
4068,sieve,5
4069,sieze,6
4070,sighd,2
4071,sight,3
4072,sigil,4
4073,sigma,4
4074,signo,5
4075,signs,4
4076,sigyn,4
4077,sikes,5
4078,silex,5
4079,silks,4
4080,silky,4
4081,silly,6
4082,silty,5
4083,silva,5
4084,simon,5
4085,sinai,3
4086,since,4
4087,sinew,5
4088,singe,4
4089,sinus,6
4090,sioux,5
4091,siren,5
4092,siris,5
4093,sirup,4
4094,sisal,6
4095,sison,6
4096,sissy,6
4097,sitin,4
4098,sitar,5
4099,sitta,6
4100,sitzt,6
4101,sivan,5
4102,sixes,6
4103,sixth,6
4104,sixty,6
4105,sizar,6
4106,sized,6
4107,skald,3
4108,skate,5
4109,skean,4
4110,skeel,5
4111,skeet,5
4112,skein,3
4113,skier,4
4114,skies,5
4115,skiff,4
4116,skill,4
4117,skimp,4
4118,skink,6
4119,skips,6
4120,skirl,3
4121,skirt,4
4122,skoal,4
4123,skuld,3
4124,skulk,4
4125,skull,5
4126,skunk,5
4127,slack,3
4128,slade,3
4129,slain,4
4130,slake,4
4131,slang,3
4132,slant,5
4133,slash,4
4134,slate,5
4135,slaty,5
4136,slave,6
4137,sleek,4
4138,sleep,4
4139,sleet,5
4140,sleve,5
4141,slice,3
4142,slick,3
4143,slide,4
4144,sliky,5
4145,slily,5
4146,slime,4
4147,slimy,5
4148,sling,4
4149,slink,4
4150,sloop,4
4151,slope,5
4152,slops,5
4153,slosh,4
4154,sloth,4
4155,sloyd,4
4156,slump,4
4157,slung,3
4158,slurp,4
4159,slush,5
4160,smack,4
4161,small,4
4162,smalt,5
4163,smart,5
4164,smash,6
4165,smear,5
4166,smell,4
4167,smelt,3
4168,smile,4
4169,smilo,4
4170,smirk,4
4171,smite,4
4172,smith,4
4173,smock,3
4174,smoke,4
4175,smoky,4
4176,smush,4
4177,snack,5
4178,snafu,3
4179,snags,4
4180,snail,3
4181,snake,4
4182,snaky,4
4183,snare,4
4184,snarl,4
4185,sneak,5
4186,sneer,4
4187,snick,4
4188,snide,5
4189,sniff,5
4190,snipe,5
4191,snips,5
4192,snood,4
4193,snook,4
4194,snoop,4
4195,snore,4
4196,snort,5
4197,snout,4
4198,snowy,5
4199,snuff,3
4200,soapy,5
4201,soave,5
4202,sober,5
4203,socle,4
4204,sodom,5
4205,soepe,5
4206,sofia,4
4207,softy,4
4208,soggy,4
4209,solan,5
4210,solar,5
4211,solea,4
4212,soled,4
4213,solfa,3
4214,solid,3
4215,solon,5
4216,solum,4
4217,solus,5
4218,solve,5
4219,somme,4
4220,sonar,5
4221,songe,4
4222,sonic,4
4223,sooth,5
4224,sooty,5
4225,sophi,3
4226,sorex,6
4227,sorgo,5
4228,soror,7
4229,sorry,5
4230,sorts,6
4231,sorus,5
4232,sotho,3
4233,sotto,6
4234,souci,4
4235,sough,5
4236,souls,5
4237,sound,5
4238,soupe,6
4239,sousa,6
4240,souse,7
4241,south,4
4242,sower,6
4243,space,4
4244,spade,3
4245,spahi,3
4246,spain,4
4247,spake,5
4248,spank,4
4249,spare,5
4250,spark,4
4251,spasm,5
4252,spawn,5
4253,speak,4
4254,spear,5
4255,speck,4
4256,speed,5
4257,spell,4
4258,spelt,4
4259,spend,4
4260,spent,4
4261,sperm,4
4262,spero,5
4263,spial,5
4264,spica,3
4265,spice,4
4266,spick,4
4267,spicy,4
4268,spiel,4
4269,spike,5
4270,spiky,5
4271,spill,5
4272,spina,4
4273,spine,5
4274,spiny,5
4275,spire,5
4276,spiro,4
4277,spirt,4
4278,spite,5
4279,spitz,5
4280,splat,5
4281,splay,6
4282,split,4
4283,spode,5
4284,spoil,3
4285,spoke,4
4286,spoof,3
4287,spook,4
4288,spool,4
4289,spoon,5
4290,spoor,4
4291,spore,5
4292,sport,6
4293,sposa,5
4294,sposh,5
4295,sposo,5
4296,spots,6
4297,spout,5
4298,sprag,4
4299,sprat,5
4300,spray,5
4301,spree,5
4302,sprig,4
4303,sprit,4
4304,sprue,5
4305,spume,4
4306,spunk,4
4307,spurn,4
4308,spurs,5
4309,spurt,4
4310,sputa,5
4311,squab,4
4312,squad,5
4313,squat,5
4314,squaw,5
4315,squib,4
4316,squid,4
4317,stabs,4
4318,stack,6
4319,stael,3
4320,staff,4
4321,stage,5
4322,stagy,4
4323,staid,4
4324,stain,5
4325,stair,4
4326,stake,6
4327,stale,3
4328,stalk,5
4329,stall,5
4330,stamp,4
4331,stand,5
4332,stare,6
4333,stark,5
4334,stars,4
4335,start,7
4336,stash,5
4337,state,6
4338,statu,5
4339,stave,6
4340,stays,5
4341,stead,6
4342,steak,5
4343,steal,5
4344,steam,6
4345,steed,6
4346,steel,4
4347,steep,5
4348,steer,5
4349,stein,4
4350,stele,4
4351,steps,5
4352,stern,5
4353,stick,5
4354,stiff,5
4355,stile,5
4356,still,6
4357,stilt,5
4358,sting,4
4359,stink,4
4360,stint,5
4361,stipe,6
4362,stirk,5
4363,stive,6
4364,stoat,5
4365,stock,4
4366,stogy,4
4367,stoic,4
4368,stoke,5
4369,stole,5
4370,stoma,5
4371,stomp,4
4372,stone,5
4373,stony,4
4374,stood,5
4375,stook,4
4376,stool,5
4377,stoop,6
4378,stope,5
4379,store,5
4380,stork,4
4381,storm,5
4382,story,4
4383,stoup,5
4384,stour,5
4385,stout,5
4386,stove,6
4387,strap,5
4388,straw,6
4389,stray,7
4390,strew,5
4391,stria,4
4392,strip,5
4393,strix,5
4394,strom,4
4395,strop,4
4396,strow,5
4397,strum,5
4398,strut,5
4399,stuck,4
4400,study,4
4401,stuff,4
4402,stump,4
4403,stung,4
4404,stunt,5
4405,stupa,6
4406,stupe,5
4407,style,4
4408,suant,5
4409,suave,7
4410,sucre,4
4411,sudan,5
4412,suede,4
4413,suety,5
4414,sugar,5
4415,suite,6
4416,sujet,4
4417,sukur,5
4418,sulks,5
4419,sulky,4
4420,sulla,5
4421,sully,5
4422,sumac,5
4423,sumer,5
4424,summa,4
4425,sunni,5
4426,sunny,4
4427,sunup,4
4428,super,5
4429,supra,4
4430,surge,5
4431,surly,5
4432,surya,5
4433,sushi,4
4434,swain,6
4435,swale,4
4436,swami,5
4437,swamp,5
4438,swank,5
4439,swans,6
4440,sward,4
4441,swarm,6
4442,swart,6
4443,swash,7
4444,swath,4
4445,swazi,6
4446,sweal,6
4447,swear,6
4448,sweat,6
4449,swede,5
4450,sweek,4
4451,sweep,6
4452,sweet,6
4453,swell,5
4454,swept,5
4455,swift,4
4456,swill,7
4457,swine,6
4458,swing,5
4459,swink,5
4460,swipe,6
4461,swirl,4
4462,swish,6
4463,swiss,5
4464,swoon,5
4465,swoop,5
4466,sword,4
4467,sworn,5
4468,sylph,4
4469,synod,4
4470,syria,5
4471,syrup,5
4472,syrus,5
4473,tabby,6
4474,tabes,5
4475,tabid,4
4476,table,6
4477,taboe,4
4478,taboo,6
4479,tabor,5
4480,tacca,5
4481,tacit,4
4482,tacky,4
4483,taegu,3
4484,taffy,4
4485,tagus,5
4486,taiga,5
4487,tails,4
4488,taint,6
4489,taken,5
4490,taker,6
4491,takes,5
4492,takin,5
4493,tales,6
4494,talia,5
4495,talls,7
4496,tally,6
4497,talma,5
4498,talon,6
4499,talus,5
4500,tamed,5
4501,tamen,5
4502,tamer,6
4503,tamil,5
4504,tammy,6
4505,tampa,6
4506,tamus,5
4507,tango,5
4508,tanka,6
4509,tansy,6
4510,tanti,5
4511,tanto,6
4512,taped,5
4513,taper,6
4514,tapir,6
4515,tapis,6
4516,tardi,5
4517,tardy,5
4518,tares,7
4519,tarot,6
4520,tarry,5
4521,taste,7
4522,tasty,6
4523,tatar,7
4524,taunt,6
4525,tauon,6
4526,tawny,5
4527,tawse,5
4528,taxes,6
4529,taxis,5
4530,taxus,5
4531,tayra,6
4532,tazza,6
4533,teach,5
4534,tears,4
4535,teary,5
4536,tease,4
4537,tebet,4
4538,techy,3
4539,tecta,3
4540,tecum,4
4541,teddy,6
4542,tedge,5
4543,teens,5
4544,teeny,6
4545,teeth,5
4546,tehee,4
4547,tekel,5
4548,telum,4
4549,tempi,4
4550,tempo,5
4551,temps,6
4552,tempt,5
4553,tenax,5
4554,tench,3
4555,tenet,7
4556,tenez,6
4557,tenon,5
4558,tenor,5
4559,tense,6
4560,tente,7
4561,tenth,3
4562,tents,6
4563,tenue,5
4564,tenus,4
4565,tepee,5
4566,tepid,4
4567,terce,3
4568,teres,5
4569,tergo,4
4570,terms,5
4571,terra,5
4572,terre,7
4573,terry,7
4574,terse,7
4575,tesla,4
4576,testa,5
4577,teste,6
4578,testy,5
4579,tetra,6
4580,tetto,5
4581,texan,5
4582,texas,5
4583,thais,4
4584,thana,5
4585,thane,4
4586,thank,4
4587,thats,5
4588,thebe,2
4589,theca,2
4590,theft,5
4591,their,3
4592,theme,5
4593,there,4
4594,therm,4
4595,these,6
4596,theta,4
4597,thews,5
4598,thick,2
4599,thief,3
4600,thigh,3
4601,thill,4
4602,thine,4
4603,thing,3
4604,think,3
4605,third,4
4606,thole,4
4607,thong,4
4608,thorn,4
4609,thoro,6
4610,thorp,5
4611,those,5
4612,thoth,5
4613,three,4
4614,thrid,4
4615,throb,3
4616,throe,4
4617,throw,5
4618,thrum,4
4619,thuja,4
4620,thule,5
4621,thumb,4
4622,thump,4
4623,thunk,4
4624,thyme,5
4625,tiara,5
4626,tiber,4
4627,tibet,5
4628,tibia,5
4629,tidal,4
4630,tides,6
4631,tieon,3
4632,tiene,4
4633,tiger,4
4634,tight,10
4635,tilde,3
4636,tiled,5
4637,tilia,5
4638,tilth,4
4639,timed,4
4640,timeo,4
4641,timer,5
4642,times,5
4643,timid,4
4644,timon,6
4645,timor,5
4646,tinca,3
4647,tinct,4
4648,tinea,4
4649,tinge,5
4650,tinny,5
4651,tipup,5
4652,tipsy,5
4653,tired,5
4654,tirer,6
4655,titan,6
4656,titer,7
4657,tithe,6
4658,title,4
4659,titus,6
4660,tizzy,6
4661,toady,4
4662,toast,5
4663,today,4
4664,toddy,5
4665,todea,4
4666,todus,6
4667,toein,4
4668,toils,4
4669,toity,5
4670,tokay,4
4671,token,5
4672,tokyo,5
4673,tombe,3
4674,tommy,5
4675,tonal,4
4676,toned,5
4677,toner,5
4678,tonga,3
4679,tongs,5
4680,tongu,4
4681,tonic,5
4682,tonue,5
4683,tools,4
4684,toona,4
4685,tooth,6
4686,toots,5
4687,topaz,5
4688,topek,5
4689,toper,6
4690,topic,5
4691,topsy,5
4692,torah,4
4693,torch,4
4694,torso,6
4695,torte,6
4696,torus,4
4697,total,6
4698,totem,6
4699,totis,5
4700,totus,5
4701,toucb,2
4702,touch,4
4703,tough,6
4704,touse,6
4705,toute,6
4706,towel,6
4707,tower,7
4708,toxic,6
4709,toxin,4
4710,toyon,5
4711,trala,5
4712,trace,3
4713,track,4
4714,tract,5
4715,trade,4
4716,trail,4
4717,train,4
4718,trait,5
4719,tramp,4
4720,trans,5
4721,trapa,5
4722,traps,4
4723,trash,4
4724,trave,5
4725,trawl,5
4726,tread,6
4727,treat,5
4728,trees,5
4729,trend,4
4730,tress,6
4731,trews,5
4732,triad,5
4733,trial,5
4734,tribe,4
4735,trice,6
4736,trick,4
4737,tried,3
4738,trier,4
4739,triga,4
4740,trill,5
4741,trine,4
4742,tripe,5
4743,trite,6
4744,troat,4
4745,troes,4
4746,troll,4
4747,tromp,4
4748,troop,5
4749,trope,5
4750,troth,4
4751,trout,5
4752,trove,6
4753,truce,5
4754,truck,4
4755,trull,6
4756,truly,5
4757,trump,4
4758,trunk,4
4759,truss,6
4760,trust,7
4761,truth,5
4762,tryst,5
4763,tsuga,5
4764,tubal,4
4765,tubam,5
4766,tubed,4
4767,tuber,5
4768,tudor,5
4769,tulip,4
4770,tulit,5
4771,tulle,4
4772,tulsa,5
4773,tumid,4
4774,tumor,4
4775,tuned,4
4776,tuner,5
4777,tunga,4
4778,tunic,4
4779,tunis,5
4780,tupik,4
4781,turfy,4
4782,turin,5
4783,turki,4
4784,turns,4
4785,turpi,4
4786,turvy,5
4787,tutee,5
4788,tutor,5
4789,tutti,5
4790,tutto,5
4791,tutus,5
4792,twain,5
4793,twang,4
4794,tweak,6
4795,tweed,6
4796,tweet,6
4797,twerp,5
4798,twice,7
4799,twill,6
4800,twine,7
4801,twins,5
4802,twire,7
4803,twirl,4
4804,twist,5
4805,twixt,5
4806,tyche,3
4807,tying,5
4808,tyler,6
4809,typed,4
4810,types,5
4811,typha,5
4812,tyrol,5
4813,uturn,5
4814,ubykh,2
4815,udder,5
4816,ugric,3
4817,uigur,4
4818,ukase,5
4819,ulcer,3
4820,ulcus,4
4821,ulema,4
4822,ulmus,4
4823,ulnar,5
4824,ultio,5
4825,ultra,4
4826,umbel,3
4827,umber,4
4828,umbra,4
4829,unapt,4
4830,unary,5
4831,unbar,4
4832,uncle,3
4833,uncut,5
4834,under,4
4835,undue,6
4836,unfed,3
4837,unfit,4
4838,ungue,4
4839,uniat,5
4840,union,4
4841,unite,6
4842,units,4
4843,unity,5
4844,unled,4
4845,unman,5
4846,unrig,4
4847,unrip,5
4848,unsay,5
4849,unsex,5
4850,untie,4
4851,until,4
4852,unwed,5
4853,upbow,4
4854,upper,5
4855,upset,5
4856,upupa,5
4857,urals,4
4858,urban,4
4859,urbis,4
4860,urial,6
4861,urine,5
4862,urnam,5
4863,ursus,4
4864,usage,5
4865,ushas,5
4866,usher,5
4867,usine,6
4868,using,4
4869,usnea,4
4870,usque,6
4871,usual,5
4872,usurp,5
4873,usury,5
4874,utica,4
4875,utter,5
4876,uveal,5
4877,uvula,5
4878,uzbek,4
4879,vache,3
4880,vaduz,5
4881,vagal,4
4882,vagas,5
4883,vague,4
4884,vagus,6
4885,vajra,5
4886,vakas,5
4887,vakil,5
4888,valde,4
4889,valet,6
4890,valid,4
4891,valmy,6
4892,valor,4
4893,value,5
4894,valve,6
4895,vanda,5
4896,vanir,4
4897,vapid,5
4898,vapor,5
4899,vasty,5
4900,vaten,6
4901,vatum,5
4902,vault,5
4903,vaunt,5
4904,vedas,5
4905,vedic,3
4906,veery,6
4907,vegan,4
4908,vehis,4
4909,veins,5
4910,velar,6
4911,veldt,4
4912,velis,4
4913,velit,4
4914,velow,4
4915,venal,5
4916,venir,5
4917,venit,4
4918,venom,5
4919,venue,5
4920,venus,5
4921,verba,3
4922,verbs,3
4923,verge,6
4924,verpa,5
4925,verre,7
4926,versa,5
4927,verse,7
4928,verso,6
4929,verst,6
4930,verte,6
4931,vertu,4
4932,verum,5
4933,verve,6
4934,vespa,5
4935,vesta,5
4936,vetch,5
4937,veuve,5
4938,vexed,7
4939,vials,4
4940,viand,3
4941,vibes,5
4942,vicar,3
4943,vicia,3
4944,video,4
4945,vidua,5
4946,vient,4
4947,vieux,6
4948,views,5
4949,vigil,5
4950,vigna,4
4951,vigor,3
4952,villa,6
4953,villi,5
4954,vinca,4
4955,vinyl,4
4956,viola,5
4957,viper,5
4958,viral,7
4959,vireo,4
4960,vires,5
4961,virga,5
4962,virgo,4
4963,virtu,5
4964,virum,4
4965,virus,4
4966,visit,5
4967,visor,4
4968,vista,5
4969,visum,5
4970,visus,7
4971,vitae,4
4972,vital,6
4973,vitam,6
4974,vitia,6
4975,vitis,6
4976,vivid,5
4977,vivit,7
4978,vivre,4
4979,vixen,5
4980,vixit,6
4981,vizla,6
4982,vizor,5
4983,vobis,4
4984,vocal,4
4985,voces,4
4986,vocis,4
4987,vodka,4
4988,vogue,5
4989,vogul,4
4990,voice,6
4991,voile,5
4992,volat,6
4993,voles,5
4994,volga,5
4995,volie,5
4996,volto,6
4997,volva,5
4998,vomit,5
4999,vosky,4
5000,voter,6
5001,votis,5
5002,vouch,5
5003,vouge,5
5004,voulu,5
5005,vowel,7
5006,vrouw,5
5007,vultu,5
5008,vulva,6
5009,vwith,5
5010,vying,5
5011,waddy,7
5012,wafer,3
5013,wager,6
5014,wages,4
5015,wagon,4
5016,wahoo,4
5017,waifs,4
5018,waist,5
5019,waits,5
5020,waive,5
5021,waler,5
5022,wales,7
5023,walks,5
5024,walls,6
5025,waltz,6
5026,wanly,6
5027,wants,7
5028,warji,4
5029,washy,5
5030,wasps,6
5031,waste,6
5032,watch,7
5033,water,6
5034,waver,6
5035,waves,7
5036,waxed,7
5037,waxen,6
5038,weald,3
5039,wears,5
5040,weary,5
5041,weave,7
5042,weber,5
5043,wedge,6
5044,weeds,5
5045,weedy,6
5046,weepy,6
5047,weigh,4
5048,weile,3
5049,weird,3
5050,weiss,5
5051,welsh,4
5052,wench,5
5053,werth,4
5054,whack,3
5055,whale,5
5056,wharf,4
5057,whats,4
5058,whean,3
5059,wheat,4
5060,wheel,5
5061,whelk,4
5062,whelm,5
5063,whelp,6
5064,where,5
5065,which,3
5066,whiff,4
5067,whigs,3
5068,while,5
5069,whims,4
5070,whine,5
5071,whipe,6
5072,whirl,5
5073,whirr,6
5074,whish,7
5075,whisk,4
5076,whist,4
5077,white,5
5078,whole,5
5079,whomp,4
5080,whoop,5
5081,whore,5
5082,whorl,5
5083,whose,6
5084,widen,5
5085,widow,4
5086,width,3
5087,wield,3
5088,wight,8
5089,wiles,6
5090,wilig,5
5091,willy,6
5092,wimpy,6
5093,wince,5
5094,winch,5
5095,winds,6
5096,windy,5
5097,wings,4
5098,winks,5
5099,wiper,6
5100,wired,5
5101,wires,5
5102,wiser,5
5103,witan,5
5104,witch,5
5105,withe,5
5106,withy,4
5107,witty,6
5108,wives,7
5109,wizen,6
5110,woden,5
5111,wolof,4
5112,woman,6
5113,woods,5
5114,woody,5
5115,wooer,5
5116,wooly,5
5117,words,4
5118,wordy,4
5119,works,5
5120,world,4
5121,worms,4
5122,worry,6
5123,worse,6
5124,worst,6
5125,worth,5
5126,wotan,6
5127,would,4
5128,wound,6
5129,woven,7
5130,wrack,5
5131,wrapt,5
5132,wrath,4
5133,wreak,5
5134,wreck,4
5135,wrest,6
5136,wring,4
5137,wrist,4
5138,write,5
5139,wrong,4
5140,wrote,6
5141,wryly,4
5142,xaxis,7
5143,xebec,3
5144,xenon,6
5145,xeres,6
5146,xeric,5
5147,xerox,7
5148,xhosa,5
5149,xviii,5
5150,xylem,4
5151,xyris,5
5152,yaxis,4
5153,yacca,6
5154,yacht,5
5155,yager,7
5156,yahoo,5
5157,yakut,5
5158,yalta,6
5159,yamen,6
5160,yanan,6
5161,yearn,4
5162,years,6
5163,yeast,4
5164,yeats,6
5165,yeild,3
5166,yemen,6
5167,yenta,5
5168,yield,4
5169,yodel,5
5170,yokel,5
5171,young,5
5172,youre,6
5173,yours,5
5174,youth,5
5175,ypres,5
5176,yucca,5
5177,yukon,5
5178,yuman,5
5179,zaxis,6
5180,zaire,5
5181,zambo,5
5182,zamia,7
5183,zapus,5
5184,zayin,6
5185,zebra,3
5186,zieht,4
5187,zilch,4
5188,zippo,4
5189,zloty,5
5190,zocle,5
5191,zomba,4
5192,zombi,3
5193,zonal,5
5194,zonam,5
5195,zooid,5
5196,zoril,4
