game,word,score,fallback
0,abaca,3,False
1,aback,2,False
2,abaft,3,False
3,abase,2,False
4,abash,2,False
5,abate,3,False
6,abbey,4,False
7,abbot,4,False
8,abdal,3,False
9,abeam,4,False
10,abest,3,False
11,abhor,3,False
12,abide,2,False
13,abies,3,False
14,abiit,4,False
15,abito,3,False
16,abode,3,False
17,abohm,3,False
18,abois,4,False
19,abord,3,False
20,abort,3,False
21,about,4,False
22,above,3,False
23,abuna,5,False
24,abuse,4,False
25,abuzz,6,False
26,abysm,4,False
27,abyss,5,False
28,accoy,5,False
29,accra,5,False
30,acerb,3,False
31,achar,3,False
32,ackee,4,False
33,acned,3,False
34,acold,3,False
35,acorn,4,False
36,acres,3,False
37,acrid,3,False
38,acris,5,False
39,acted,4,False
40,actin,4,False
41,actor,4,False
42,actum,4,False
43,actus,5,False
44,acute,4,False
45,adlib,2,False
46,adaga,3,False
47,adage,3,False
48,adams,4,False
49,adapa,5,False
50,adapt,4,False
51,addax,6,False
52,added,5,False
53,adder,4,False
54,addle,3,False
55,adeem,5,False
56,adept,4,False
57,adieu,4,False
58,adige,3,False
59,aditi,3,False
60,adjuc,3,False
61,admit,4,False
62,adobe,3,False
63,adobo,3,False
64,adopt,5,False
65,adore,4,False
66,adorn,4,False
67,adown,5,False
68,adult,5,False
69,adust,5,False
70,aedes,4,False
71,aegis,3,False
72,aegri,3,False
73,aequa,6,False
74,aequo,5,False
75,aerie,4,False
76,aesir,4,False
77,aesop,4,False
78,aetas,6,False
79,affix,5,False
80,afire,3,False
81,aflak,4,False
82,afoot,4,False
83,afore,4,False
84,afoul,4,False
85,afric,4,False
86,after,3,False
87,again,3,False
88,agama,4,False
89,agape,4,False
90,agate,5,False
91,agave,6,False
92,agaze,7,False
93,agent,4,False
94,aggro,5,False
95,aghan,4,False
96,agile,3,False
97,aging,5,False
98,agjus,4,False
99,aglet,5,False
100,aglow,5,False
101,agnus,4,False
102,agony,4,False
103,agora,4,False
104,agree,4,False
105,ahead,3,False
106,ahura,5,False
107,aimer,4,False
108,aioli,3,False
109,aired,4,False
110,aisle,4,False
111,aitch,2,False
112,aiunt,5,False
113,ajaia,4,False
114,ajuga,5,False
115,akron,4,False
116,alack,4,False
117,alamo,5,False
118,alarm,4,False
119,alate,6,False
120,album,3,False
121,alcea,4,False
122,alces,5,False
123,alder,3,False
124,aldol,5,False
125,aleph,2,False
126,alert,4,False
127,aleut,5,False
128,algal,4,False
129,alget,4,False
130,algid,3,False
131,algin,3,False
132,algol,4,False
133,alias,6,False
134,alibi,3,False
135,alien,3,False
136,align,4,False
137,aliis,5,False
138,alike,3,False
139,alive,4,False
140,alkyd,4,False
141,alkyl,5,False
142,allah,5,False
143,allay,5,False
144,aller,6,False
145,alley,6,False
146,allot,4,False
147,allow,5,False
148,alloy,6,False
149,allyl,6,False
150,alnus,5,False
151,aloes,4,False
152,aloft,4,False
153,alogy,4,False
154,aloha,4,False
155,alone,4,False
156,along,3,False
157,aloof,5,False
158,alosa,4,False
159,aloud,4,False
160,alpha,5,False
161,altar,4,False
162,alter,5,False
163,alula,5,False
164,amain,5,False
165,amari,4,False
166,amass,5,False
167,amaze,4,False
168,amber,3,False
169,ambit,3,False
170,amble,3,False
171,ameba,4,False
172,ameer,5,False
173,amend,4,False
174,amice,3,False
175,amici,4,False
176,amide,3,False
177,amigo,4,False
178,amine,4,False
179,amino,4,False
180,amish,4,False
181,amiss,5,False
182,amity,5,False
183,amman,5,False
184,amnis,4,False
185,amole,4,False
186,among,4,False
187,amore,4,False
188,amort,4,False
189,amoto,5,False
190,amour,5,False
191,ample,5,False
192,amply,4,False
193,amuck,4,False
194,amuse,5,False
195,anasa,4,False
196,andes,4,False
197,anele,5,False
198,anent,6,False
199,angas,5,False
200,angel,4,False
201,anger,4,False
202,angle,4,False
203,angry,5,False
204,angst,4,False
205,anile,4,False
206,anima,5,False
207,anime,5,False
208,animi,3,False
209,animo,5,False
210,anion,4,False
211,anise,5,False
212,anjou,5,False
213,ankel,4,False
214,ankle,4,False
215,ankus,4,False
216,annex,5,False
217,annis,4,False
218,annoy,4,False
219,annul,6,False
220,annum,5,False
221,annus,6,False
222,anode,4,False
223,anser,4,False
224,antic,4,False
225,antum,5,False
226,anvil,4,False
227,aorta,5,False
228,aotus,5,False
229,apace,5,False
230,apart,6,False
231,apery,4,False
232,aphid,3,False
233,aphis,4,False
234,apian,5,False
235,aping,4,False
236,apios,4,False
237,apish,5,False
238,apium,5,False
239,apnea,5,False
240,appal,5,False
241,apple,6,False
242,apply,5,False
243,appro,4,False
244,apres,5,False
245,april,4,False
246,apron,5,False
247,aprum,4,False
248,aqaba,4,False
249,araba,4,False
250,arado,4,False
251,arare,6,False
252,arawn,6,False
253,arbor,4,False
254,arced,3,False
255,arceo,4,False
256,arcus,4,False
257,ardea,5,False
258,ardeb,3,False
259,ardet,4,False
260,ardor,5,False
261,areal,4,False
262,areas,5,False
263,areca,4,False
264,arena,5,False
265,arete,5,False
266,argil,4,False
267,argol,4,False
268,argon,4,False
269,argos,4,False
270,argot,5,False
271,argue,4,False
272,argus,5,False
273,arhat,5,False
274,ariel,4,False
275,aries,4,False
276,arins,5,False
277,arise,5,False
278,arius,5,False
279,armed,4,False
280,armet,5,False
281,armis,5,False
282,armor,5,False
283,aroid,4,False
284,aroma,5,False
285,arose,5,False
286,arras,6,False
287,array,6,False
288,arrow,6,False
289,arson,5,False
290,artem,4,False
291,artes,5,False
292,aruba,4,False
293,arulo,5,False
294,aruru,5,False
295,aryan,6,False
296,asana,6,False
297,asarh,3,False
298,ascii,4,False
299,ascot,4,False
300,ascus,5,False
301,ashen,3,False
302,ashes,4,False
303,ashur,3,False
304,asian,6,False
305,aside,4,False
306,asked,5,False
307,askew,5,False
308,aspen,4,False
309,asper,6,False
310,aspic,5,False
311,assai,5,False
312,assam,4,False
313,assay,5,False
314,asses,6,False
315,asset,5,False
316,assur,5,False
317,aster,5,False
318,astir,6,False
319,astra,5,False
320,asura,5,False
321,aswan,5,False
322,atajo,4,False
323,atilt,5,False
324,atlas,6,False
325,atole,5,False
326,atoll,4,False
327,atoms,5,False
328,atomy,6,False
329,atone,5,False
330,atony,5,False
331,atque,5,False
332,atqui,4,False
333,attar,5,False
334,attic,7,False
335,auden,5,False
336,audio,5,False
337,audit,5,False
338,auger,5,False
339,aught,5,False
340,augur,5,False
341,aurae,6,False
342,aural,6,False
343,aurar,5,False
344,aurea,6,False
345,aures,6,False
346,autre,5,False
347,auxin,4,False
348,avahi,4,False
349,avail,5,False
350,avant,6,False
351,avast,6,False
352,avena,5,False
353,avens,4,False
354,avert,5,False
355,avian,7,False
356,avile,5,False
357,aviso,5,False
358,avoid,5,False
359,avoir,4,False
360,avons,4,False
361,avunt,4,False
362,await,5,False
363,awake,6,False
364,award,5,False
365,aware,5,False
366,awful,4,False
367,awned,6,False
368,axial,6,False
369,axile,6,False
370,axiom,5,False
371,azide,5,False
372,azido,3,False
373,azoic,6,False
374,azote,6,False
375,aztec,4,False
376,azure,6,False
377,bgirl,3,False
378,babar,5,False
379,babel,5,False
380,bacon,3,False
381,badge,2,False
382,badli,2,False
383,badly,3,False
384,bagel,3,False
385,baggy,5,False
386,bairn,4,False
387,baiza,5,False
388,baize,3,False
389,baked,3,False
390,baker,3,False
391,balas,4,False
392,balky,3,False
393,balle,4,False
394,balls,3,False
395,balmy,4,False
396,balsa,5,False
397,banal,4,False
398,banch,2,False
399,banco,2,False
400,bands,3,False
401,bandy,4,False
402,banff,4,False
403,banjo,3,False
404,banns,6,False
405,bantu,5,False
406,barba,6,False
407,barbe,7,False
408,barbu,5,False
409,barde,3,False
410,barge,3,False
411,baric,2,False
412,barky,4,False
413,baron,4,False
414,barry,5,False
415,barye,6,False
416,basal,5,False
417,based,4,False
418,basel,4,False
419,basic,3,False
420,basil,3,False
421,basin,4,False
422,basis,5,False
423,basso,4,False
424,basta,5,False
425,baste,5,False
426,batch,3,False
427,bated,5,False
428,bathe,2,False
429,batik,3,False
430,batis,4,False
431,baton,5,False
432,batta,6,False
433,bavin,5,False
434,bawdy,4,False
435,bayou,4,False
436,beach,1,False
437,beads,3,False
438,beady,4,False
439,beams,4,False
440,beamy,5,False
441,beard,2,False
442,beast,4,False
443,beati,3,False
444,beats,4,False
445,beaut,5,False
446,bebas,3,False
447,bebop,6,False
448,beche,2,False
449,becks,2,False
450,bedel,3,False
451,bedew,4,False
452,bedim,2,False
453,beech,4,False
454,beefy,4,False
455,beery,6,False
456,befit,4,False
457,befog,3,False
458,beget,5,False
459,begin,3,False
460,begum,3,False
461,begun,4,False
462,beige,4,False
463,being,3,False
464,belay,2,False
465,belch,2,False
466,belie,5,False
467,bella,3,False
468,belle,6,False
469,belli,4,False
470,bello,4,False
471,bells,5,False
472,belly,5,False
473,below,4,False
474,belus,4,False
475,bench,3,False
476,benin,4,False
477,bercy,2,False
478,beret,5,False
479,beroe,7,False
480,berry,6,False
481,berth,2,False
482,beryl,5,False
483,beset,5,False
484,besom,4,False
485,besot,5,False
486,beste,6,False
487,betel,6,False
488,betty,6,False
489,bevel,7,False
490,bever,6,False
491,bevue,5,False
492,bezel,8,False
493,bhaga,3,False
494,bhang,2,False
495,bialy,3,False
496,bible,4,False
497,bibos,5,False
498,biddy,4,False
499,bidet,3,False
500,bifid,2,False
501,bight,2,False
502,bigot,4,False
503,bihar,2,False
504,bijou,4,False
505,bilbo,5,False
506,bilge,3,False
507,bilgy,4,False
508,bills,4,False
509,billy,5,False
510,bimbo,6,False
511,binge,4,False
512,bingo,3,False
513,bioko,4,False
514,biont,5,False
515,biota,4,False
516,biped,2,False
517,birch,2,False
518,birds,3,False
519,birth,3,False
520,bison,4,False
521,bitch,3,False
522,biter,3,False
523,bites,4,False
524,bitis,3,False
525,bitty,5,False
526,black,2,False
527,blade,2,False
528,blahs,4,False
529,blain,3,False
530,blame,3,False
531,blanc,2,False
532,bland,3,False
533,blank,3,False
534,blare,4,False
535,blase,5,False
536,blast,4,False
537,blaze,6,False
538,bleak,3,False
539,blear,4,False
540,bleat,5,False
541,bleed,4,False
542,bleep,3,False
543,blend,3,False
544,bless,5,False
545,blest,4,False
546,bligh,2,False
547,blimp,5,False
548,blind,3,False
549,blini,5,False
550,blink,4,False
551,bliss,7,False
552,blitz,6,False
553,bloat,3,False
554,block,3,False
555,blodd,4,False
556,bloke,4,False
557,blond,3,False
558,blood,5,False
559,bloom,5,False
560,blown,4,False
561,blows,4,False
562,blowy,5,False
563,blues,4,False
564,bluff,3,False
565,blunt,4,False
566,blurb,5,False
567,blurt,5,False
568,blush,3,False
569,boann,4,False
570,board,3,False
571,boast,4,False
572,boats,5,False
573,bobby,6,False
574,bocca,3,False
575,bocce,3,False
576,bogey,3,False
577,boggy,4,False
578,bogie,3,False
579,bogle,3,False
580,bogus,3,False
581,boire,4,False
582,boise,5,False
583,bolti,4,False
584,bolus,4,False
585,bonds,3,False
586,boned,3,False
587,boner,4,False
588,bones,5,False
589,bongo,4,False
590,bonis,4,False
591,bonne,6,False
592,bonny,5,False
593,bonos,5,False
594,bonum,4,False
595,bonus,5,False
596,bonze,5,False
597,booby,8,False
598,books,6,False
599,boole,4,False
600,booly,5,False
601,boone,7,False
602,boost,5,False
603,booth,4,False
604,boots,7,False
605,booty,6,False
606,booze,7,False
607,boozy,7,False
608,borax,4,False
609,bored,4,False
610,borer,7,False
611,boric,2,False
612,borne,4,False
613,borns,4,False
614,boron,4,False
615,bosky,4,False
616,bosom,5,False
617,boson,6,False
618,bossy,5,False
619,botch,3,False
620,bothy,3,False
621,botte,6,False
622,bouge,4,False
623,bough,3,False
624,bound,4,False
625,bourn,4,False
626,bouse,5,False
627,bovid,3,False
628,bowed,5,False
629,bowel,5,False
630,bower,5,False
631,bowie,4,False
632,bowls,5,False
633,boxed,6,False
634,boxer,6,False
635,boxes,6,False
636,boyar,5,False
637,boyne,5,False
638,brace,2,False
639,bract,3,False
640,bragg,4,False
641,bragi,3,False
642,brahm,3,False
643,braid,2,False
644,brain,3,False
645,brake,3,False
646,braky,4,False
647,brama,7,False
648,brand,3,False
649,brank,3,False
650,brant,4,False
651,brash,2,False
652,brass,8,False
653,brave,4,False
654,bravo,5,False
655,brawl,6,False
656,brawn,4,False
657,braze,5,False
658,bread,3,False
659,break,4,False
660,bream,4,False
661,breed,5,False
662,brett,4,False
663,breve,5,False
664,brian,3,False
665,briar,4,False
666,bribe,5,False
667,brick,2,False
668,bride,3,False
669,brief,3,False
670,brier,4,False
671,brill,4,False
672,brine,4,False
673,bring,4,False
674,brink,4,False
675,briny,5,False
676,brisk,5,False
677,broad,3,False
678,broil,3,False
679,broke,4,False
680,brome,5,False
681,bronx,5,False
682,brood,4,False
683,brook,5,False
684,broom,6,False
685,broth,3,False
686,brown,5,False
687,brows,5,False
688,brrok,5,False
689,bruce,2,False
690,bruin,4,False
691,bruit,5,False
692,brunt,5,False
693,brush,4,False
694,brute,5,False
695,bryon,5,False
696,bryum,4,False
697,buddy,4,False
698,budge,3,False
699,bueno,4,False
700,buffo,3,False
701,buggy,4,False
702,bugle,4,False
703,build,4,False
704,built,5,False
705,bulge,4,False
706,bulky,5,False
707,bulla,3,False
708,bulls,5,False
709,bully,6,False
710,bumps,4,False
711,bumpy,5,False
712,bunas,3,False
713,bunch,4,False
714,bunco,3,False
715,bunko,4,False
716,bunny,5,False
717,burgh,4,False
718,burin,4,False
719,burke,4,False
720,burly,6,False
721,burnt,5,False
722,burro,5,False
723,bursa,4,False
724,burst,4,False
725,busby,5,False
726,busch,5,False
727,bushy,3,False
728,butch,4,False
729,butea,4,False
730,buteo,4,False
731,butte,5,False
732,butut,5,False
733,butyl,5,False
734,buxom,5,False
735,buxus,4,False
736,buyer,4,False
737,bylaw,4,False
738,byron,6,False
739,byssa,4,False
740,byway,5,False
741,cabal,3,False
742,caber,3,False
743,cabin,2,False
744,cable,2,False
745,cacao,6,False
746,cache,4,False
747,cachi,3,False
748,cacus,5,False
749,caddo,5,False
750,caddy,5,False
751,cader,3,False
752,cadet,4,False
753,cadge,3,False
754,cadit,3,False
755,cadiz,4,False
756,cadra,5,False
757,cadre,4,False
758,caeca,3,False
759,caelo,3,False
760,caeur,4,False
761,cagey,4,False
762,cahot,3,False
763,cairn,4,False
764,cairo,4,False
765,cajun,4,False
766,cakes,5,False
767,calbe,3,False
768,calla,6,False
769,calls,5,False
770,calms,5,False
771,calva,6,False
772,calve,4,False
773,calyx,7,False
774,camas,4,False
775,camel,3,False
776,cameo,4,False
777,cando,3,False
778,canal,3,False
779,canas,4,False
780,candy,4,False
781,canis,4,False
782,canna,4,False
783,canny,5,False
784,canoe,4,False
785,canon,5,False
786,canst,4,False
787,canto,4,False
788,canty,5,False
789,caper,6,False
790,capit,5,False
791,capon,4,False
792,capra,4,False
793,capri,5,False
794,caput,5,False
795,carat,5,False
796,cards,5,False
797,cares,6,False
798,caret,7,False
799,carex,8,False
800,cargo,3,False
801,carib,3,False
802,carle,4,False
803,carob,3,False
804,carol,4,False
805,carom,5,False
806,carpe,4,False
807,carre,7,False
808,carry,6,False
809,carta,6,False
810,carte,5,False
811,carum,4,False
812,carve,6,False
813,carya,6,False
814,carys,5,False
815,cased,3,False
816,caste,5,False
817,casus,6,False
818,catch,8,False
819,cater,7,False
820,cates,7,False
821,catty,5,False
822,cauda,4,False
823,caulk,4,False
824,causa,5,False
825,cause,6,False
826,cavia,5,False
827,cavil,4,False
828,cdrom,3,False
829,cease,2,False
830,cebus,3,False
831,cecal,4,False
832,cecum,4,False
833,cedar,3,False
834,ceiba,2,False
835,ceibo,2,False
836,cello,5,False
837,celom,3,False
838,celui,4,False
839,cento,4,False
840,ceras,3,False
841,ceres,4,False
842,ceric,6,False
843,cerni,3,False
844,certa,3,False
845,chafe,2,False
846,chaff,5,False
847,chain,3,False
848,chair,3,False
849,chait,4,False
850,chaja,8,False
851,chalk,4,False
852,champ,6,False
853,chant,4,False
854,chaos,7,False
855,chaps,7,False
856,chara,6,False
857,chard,2,False
858,charm,3,False
859,chart,4,False
860,chary,5,False
861,chase,3,False
862,chasm,7,False
863,cheap,4,False
864,cheat,5,False
865,check,2,False
866,cheek,4,False
867,cheep,5,False
868,cheer,4,False
869,chela,3,False
870,chere,6,False
871,chert,3,False
872,chess,5,False
873,chest,4,False
874,chewa,4,False
875,chewy,6,False
876,chian,2,False
877,chick,3,False
878,chide,2,False
879,chief,3,False
880,chien,4,False
881,child,2,False
882,chile,3,False
883,chili,3,False
884,chill,4,False
885,chime,4,False
886,china,3,False
887,chine,5,False
888,chink,3,False
889,chino,4,False
890,chios,5,False
891,chips,5,False
892,chirp,4,False
893,chirr,5,False
894,chloe,4,False
895,chock,4,False
896,choir,3,False
897,choix,4,False
898,choke,3,False
899,choky,4,False
900,chomp,3,False
901,chops,4,False
902,chord,3,False
903,chore,4,False
904,chose,5,False
905,choux,5,False
906,chuck,4,False
907,chufa,3,False
908,chuff,5,False
909,chump,4,False
910,chunk,4,False
911,churl,3,False
912,churn,5,False
913,churr,6,False
914,chute,5,False
915,chyle,4,False
916,chyme,5,False
917,cicer,4,False
918,cider,3,False
919,cigar,3,False
920,cigit,4,False
921,cilia,3,False
922,cimex,3,False
923,cinch,6,False
924,circa,3,False
925,circe,5,False
926,cisco,4,False
927,civet,4,False
928,civic,6,False
929,civil,5,False
930,civis,6,False
931,clack,5,False
932,clade,2,False
933,claim,4,False
934,clamp,4,False
935,clang,3,False
936,clank,4,False
937,claro,3,False
938,clary,5,False
939,clash,2,False
940,clasp,5,False
941,class,7,False
942,claws,6,False
943,clean,3,False
944,clear,4,False
945,cleat,5,False
946,cleft,3,False
947,clepe,5,False
948,clerk,4,False
949,clich,3,False
950,click,4,False
951,cliff,4,False
952,climb,2,False
953,clime,3,False
954,cline,3,False
955,cling,3,False
956,clink,4,False
957,cloak,3,False
958,clock,4,False
959,clone,4,False
960,close,4,False
961,cloth,3,False
962,cloud,4,False
963,clout,5,False
964,clove,5,False
965,clown,4,False
966,cluck,5,False
967,clump,3,False
968,coach,5,False
969,coaid,2,False
970,coals,3,False
971,coast,4,False
972,coati,3,False
973,coats,4,False
974,cobia,3,False
975,coble,2,False
976,cobol,3,False
977,cobra,3,False
978,cocka,4,False
979,cocky,4,False
980,cocoa,5,False
981,cocos,6,False
982,cocus,5,False
983,codem,3,False
984,codex,4,False
985,codon,4,False
986,coelo,4,False
987,coeur,4,False
988,cohue,3,False
989,coign,3,False
990,coins,4,False
991,coles,4,False
992,colic,4,False
993,colon,5,False
994,color,4,False
995,colza,4,False
996,comae,4,False
997,combe,3,False
998,combo,3,False
999,comer,3,False
1000,comes,4,False
1001,comet,5,False
1002,comic,6,False
1003,comma,6,False
1004,comme,5,False
1005,comon,6,False
1006,compo,5,False
1007,compt,5,False
1008,conch,6,False
1009,coney,3,False
1010,conga,3,False
1011,conge,3,False
1012,congo,4,False
1013,conic,6,False
1014,connu,5,False
1015,conoy,5,False
1016,conte,4,False
1017,conto,5,False
1018,cooks,4,False
1019,cooky,6,False
1020,coold,4,False
1021,cooly,7,False
1022,coons,5,False
1023,copal,4,False
1024,coper,4,False
1025,copia,4,False
1026,copra,4,False
1027,copse,4,False
1028,coral,5,False
1029,coram,4,False
1030,corda,4,False
1031,cords,3,False
1032,corgi,3,False
1033,corno,5,False
1034,cornu,4,False
1035,corps,3,False
1036,corse,5,False
1037,corso,4,False
1038,corto,5,False
1039,cosey,5,False
1040,costa,5,False
1041,costs,5,False
1042,cotta,6,False
1043,couch,6,False
1044,cough,2,False
1045,could,3,False
1046,count,4,False
1047,coupe,5,False
1048,court,5,False
1049,coute,4,False
1050,couth,3,False
1051,coven,3,False
1052,cover,5,False
1053,covet,5,False
1054,covey,6,False
1055,covin,4,False
1056,cower,6,False
1057,coyly,7,False
1058,coyol,7,False
1059,coypu,5,False
1060,cozen,4,False
1061,crabs,2,False
1062,crack,6,False
1063,craft,4,False
1064,craig,3,False
1065,crake,3,False
1066,cramp,5,False
1067,crane,4,False
1068,crank,4,False
1069,crape,5,False
1070,craps,6,False
1071,crash,3,False
1072,crass,6,False
1073,crate,6,False
1074,crave,7,False
1075,crawl,4,False
1076,craze,8,False
1077,crazy,7,False
1078,creak,4,False
1079,cream,5,False
1080,creat,6,False
1081,crecy,5,False
1082,crede,4,False
1083,credo,3,False
1084,creed,5,False
1085,creek,5,False
1086,creel,5,False
1087,creep,6,False
1088,creme,5,False
1089,crepe,6,False
1090,cress,6,False
1091,crest,4,False
1092,crete,4,False
1093,crick,5,False
1094,crier,3,False
1095,crime,4,False
1096,crimp,3,False
1097,crisp,4,False
1098,crith,3,False
1099,crius,4,False
1100,croak,4,False
1101,croat,4,False
1102,crock,5,False
1103,croft,3,False
1104,crone,5,False
1105,crony,7,False
1106,crook,5,False
1107,croon,6,False
1108,crore,5,False
1109,cross,7,False
1110,croup,4,False
1111,crowd,3,False
1112,crown,6,False
1113,crows,7,False
1114,crude,4,False
1115,cruel,4,False
1116,cruet,5,False
1117,crumb,3,False
1118,crump,4,False
1119,cruse,5,False
1120,crush,3,False
1121,crust,4,False
1122,crypt,4,False
1123,csako,4,False
1124,ctene,4,False
1125,cuban,3,False
1126,cubby,3,False
1127,cubeb,3,False
1128,cubic,4,False
1129,cubit,3,False
1130,cuddy,3,False
1131,culex,4,False
1132,cully,4,False
1133,culpa,4,False
1134,cumin,4,False
1135,cupid,4,False
1136,cuppa,5,False
1137,cured,4,False
1138,curer,4,False
1139,curia,5,False
1140,curie,4,False
1141,curio,3,False
1142,curly,4,False
1143,curry,6,False
1144,cursd,3,False
1145,curse,6,False
1146,curve,5,False
1147,curvy,5,False
1148,cushy,3,False
1149,cutin,4,False
1150,cutch,5,False
1151,cycad,3,False
1152,cycas,5,False
1153,cycle,4,False
1154,cygne,4,False
1155,cynic,4,False
1156,czech,3,False
1157,dabri,3,False
1158,dacca,3,False
1159,dacha,3,False
1160,daddy,5,False
1161,daeva,4,False
1162,daffy,4,False
1163,dagan,4,False
1164,dagda,4,False
1165,dagga,4,False
1166,dagon,3,False
1167,daily,4,False
1168,dairy,4,False
1169,daisy,4,False
1170,dakar,5,False
1171,dalal,5,False
1172,dalea,5,False
1173,dalle,4,False
1174,dally,5,False
1175,dames,4,False
1176,damon,4,False
1177,danae,5,False
1178,dance,2,False
1179,dandi,3,False
1180,dandy,6,False
1181,dante,4,False
1182,daraf,3,False
1183,darby,4,False
1184,darky,4,False
1185,darts,4,False
1186,dated,5,False
1187,datum,4,False
1188,daube,3,False
1189,daunt,4,False
1190,david,6,False
1191,davit,5,False
1192,davus,4,False
1193,dawns,5,False
1194,dazed,8,False
1195,deads,3,False
1196,death,2,False
1197,debar,2,False
1198,debit,2,False
1199,debts,3,False
1200,debut,3,False
1201,decal,2,False
1202,decay,3,False
1203,decet,5,False
1204,decit,3,False
1205,decks,3,False
1206,decoy,4,False
1207,decry,5,False
1208,dedit,5,False
1209,deeds,5,False
1210,defer,4,False
1211,defie,3,False
1212,deify,3,False
1213,deign,3,False
1214,deism,4,False
1215,deist,5,False
1216,deity,4,False
1217,deker,5,False
1218,dekko,4,False
1219,delay,3,False
1220,delft,3,False
1221,delhi,2,False
1222,delta,3,False
1223,delve,4,False
1224,demel,4,False
1225,demon,3,False
1226,demos,4,False
1227,demur,4,False
1228,denim,4,False
1229,dense,5,False
1230,dents,4,False
1231,depee,5,False
1232,depot,4,False
1233,depth,3,False
1234,derby,3,False
1235,derri,4,False
1236,derry,6,False
1237,desto,5,False
1238,detat,5,False
1239,deter,6,False
1240,detox,5,False
1241,detre,5,False
1242,deuce,4,False
1243,devel,4,False
1244,devex,6,False
1245,devil,3,False
1246,devon,4,False
1247,dewan,4,False
1248,dewey,7,False
1249,dhawa,4,False
1250,dheur,3,False
1251,dhobi,2,False
1252,dhole,3,False
1253,dhote,4,False
1254,dhoti,3,False
1255,diana,3,False
1256,diary,4,False
1257,diazo,4,False
1258,dicen,2,False
1259,dicer,3,False
1260,dicis,3,False
1261,dicky,3,False
1262,dicot,3,False
1263,dicta,3,False
1264,dicto,4,False
1265,dictu,4,False
1266,digit,4,False
1267,dildo,4,False
1268,dilly,5,False
1269,dimer,4,False
1270,dimes,5,False
1271,dimly,4,False
1272,diner,4,False
1273,dingo,3,False
1274,dingy,3,False
1275,dinka,3,False
1276,dinky,4,False
1277,diode,4,False
1278,dioon,3,False
1279,dipus,4,False
1280,dirca,2,False
1281,dirge,4,False
1282,dirty,3,False
1283,disce,3,False
1284,disco,3,False
1285,dishy,3,False
1286,ditch,3,False
1287,ditto,5,False
1288,ditty,5,False
1289,divan,4,False
1290,diver,5,False
1291,dives,5,False
1292,divot,4,False
1293,divvy,6,False
1294,dixie,5,False
1295,dixit,5,False
1296,dizen,5,False
1297,dizzy,7,False
1298,dobra,3,False
1299,doces,3,False
1300,docet,4,False
1301,dodge,4,False
1302,doeil,3,False
1303,doesn,4,False
1304,doggo,4,False
1305,dogie,3,False
1306,dogma,3,False
1307,doily,4,False
1308,doing,4,False
1309,dolce,3,False
1310,dolly,4,False
1311,dolor,4,False
1312,domed,4,False
1313,domum,5,False
1314,donar,4,False
1315,donec,3,False
1316,donee,5,False
1317,donna,4,False
1318,donne,6,False
1319,donor,4,False
1320,dooly,4,False
1321,doors,3,False
1322,doped,4,False
1323,doric,2,False
1324,doris,3,False
1325,dosed,5,False
1326,dotty,5,False
1327,doubt,3,False
1328,dough,2,False
1329,douse,5,False
1330,dover,4,False
1331,doves,5,False
1332,dowdy,5,False
1333,dowel,4,False
1334,dower,5,False
1335,downs,4,False
1336,downy,4,False
1337,dowry,3,False
1338,dowse,5,False
1339,doyen,5,False
1340,dozen,6,False
1341,dphil,3,False
1342,draba,3,False
1343,draco,2,False
1344,draff,4,False
1345,draft,3,False
1346,drain,3,False
1347,drake,3,False
1348,drama,4,False
1349,drame,4,False
1350,drape,5,False
1351,drawl,3,False
1352,drawn,4,False
1353,dread,7,False
1354,dream,5,False
1355,dreck,3,False
1356,dregs,3,False
1357,dress,4,False
1358,dried,4,False
1359,drier,4,False
1360,drift,3,False
1361,drill,6,False
1362,drily,5,False
1363,drink,4,False
1364,drive,4,False
1365,droil,3,False
1366,droit,4,False
1367,drole,3,False
1368,droll,5,False
1369,drone,5,False
1370,drony,4,False
1371,drool,6,False
1372,droop,5,False
1373,dropp,5,False
1374,drops,4,False
1375,dross,5,False
1376,drove,5,False
1377,drown,6,False
1378,drugs,3,False
1379,druid,4,False
1380,drums,4,False
1381,drunk,4,False
1382,drupe,5,False
1383,dryad,6,False
1384,dryas,5,False
1385,dryer,5,False
1386,ducal,3,False
1387,ducat,4,False
1388,duchy,3,False
1389,ducks,3,False
1390,dukes,5,False
1391,dulce,4,False
1392,dulia,4,False
1393,dully,5,False
1394,dulse,4,False
1395,dummy,6,False
1396,dumps,4,False
1397,dumpy,4,False
1398,dunce,4,False
1399,duped,5,False
1400,duple,4,False
1401,dural,4,False
1402,durga,4,False
1403,durio,4,False
1404,durra,4,False
1405,durum,4,False
1406,dusky,4,False
1407,dusty,5,False
1408,dutch,3,False
1409,duval,5,False
1410,dwarf,4,False
1411,dwell,3,False
1412,dyaus,5,False
1413,dying,3,False
1414,dylan,4,False
1415,eager,8,False
1416,eagle,3,False
1417,eagre,4,False
1418,eared,6,False
1419,early,4,False
1420,earth,3,False
1421,easel,6,False
1422,eaten,7,False
1423,eater,7,False
1424,eaves,8,False
1425,eblis,4,False
1426,ebony,4,False
1427,eclat,4,False
1428,edema,5,False
1429,edged,5,False
1430,edger,4,False
1431,edict,4,False
1432,edify,3,False
1433,edile,3,False
1434,educe,4,False
1435,educt,4,False
1436,eerie,5,False
1437,eggar,4,False
1438,egret,5,False
1439,egypt,4,False
1440,eider,7,False
1441,eight,3,False
1442,eisen,5,False
1443,eject,4,False
1444,eland,3,False
1445,elate,7,False
1446,elbow,4,False
1447,elder,4,False
1448,elead,5,False
1449,elect,3,False
1450,elegy,4,False
1451,elemi,4,False
1452,eleve,6,False
1453,elfin,3,False
1454,elief,4,False
1455,eliot,5,False
1456,elite,5,False
1457,elmos,4,False
1458,eloge,4,False
1459,elope,5,False
1460,elops,5,False
1461,elude,5,False
1462,elver,5,False
1463,elves,5,False
1464,embay,5,False
1465,embed,3,False
1466,ember,4,False
1467,emery,5,False
1468,emile,5,False
1469,emmer,5,False
1470,emmet,5,False
1471,emply,4,False
1472,empta,5,False
1473,empty,5,False
1474,enact,3,False
1475,ename,4,False
1476,enate,6,False
1477,enbas,4,False
1478,ended,5,False
1479,endow,5,False
1480,endue,6,False
1481,enema,5,False
1482,enemy,5,False
1483,enets,5,False
1484,enjoy,4,False
1485,enlil,4,False
1486,ennui,5,False
1487,ensis,5,False
1488,ensue,5,False
1489,enter,5,False
1490,entre,4,False
1491,entry,4,False
1492,envoy,5,False
1493,eolus,4,False
1494,eosin,4,False
1495,epact,4,False
1496,ephah,3,False
1497,ephor,3,False
1498,epoch,2,False
1499,epode,6,False
1500,epona,4,False
1501,epoxy,5,False
1502,eppur,5,False
1503,epsom,5,False
1504,equal,5,False
1505,equip,5,False
1506,equus,5,False
1507,erase,5,False
1508,erato,3,False
1509,erect,5,False
1510,ergot,4,False
1511,erica,3,False
1512,erode,6,False
1513,erose,5,False
1514,erous,5,False
1515,error,5,False
1516,erste,5,False
1517,eruca,4,False
1518,erunt,5,False
1519,espri,5,False
1520,essay,5,False
1521,essen,5,False
1522,ester,6,False
1523,estop,5,False
1524,etage,5,False
1525,ether,5,False
1526,ethic,3,False
1527,ethos,5,False
1528,ethyl,5,False
1529,etude,5,False
1530,eundo,4,False
1531,evade,5,False
1532,event,5,False
1533,evert,7,False
1534,every,7,False
1535,evict,4,False
1536,evoke,5,False
1537,evove,6,False
1538,exact,5,False
1539,exalt,4,False
1540,excel,4,False
1541,exegi,5,False
1542,exert,7,False
1543,exile,6,False
1544,exist,5,False
1545,exode,7,False
1546,expel,6,False
1547,extol,5,False
1548,extra,5,False
1549,exude,6,False
1550,exult,4,False
1551,faber,4,False
1552,fable,3,False
1553,faced,2,False
1554,facer,3,False
1555,faces,4,False
1556,facet,5,False
1557,facia,4,False
1558,facie,3,False
1559,facit,3,False
1560,facon,3,False
1561,facta,5,False
1562,facti,4,False
1563,facto,3,False
1564,facts,4,False
1565,faded,3,False
1566,fadge,2,False
1567,fagin,3,False
1568,fagot,4,False
1569,fagus,4,False
1570,fails,4,False
1571,faint,4,False
1572,faire,3,False
1573,fairy,4,False
1574,faith,3,False
1575,faker,3,False
1576,fakir,3,False
1577,falak,4,False
1578,falco,3,False
1579,falln,3,False
1580,falls,5,False
1581,false,4,False
1582,falsi,3,False
1583,famed,3,False
1584,fames,4,False
1585,fancy,4,False
1586,fandi,2,False
1587,fando,3,False
1588,fangs,3,False
1589,fanny,5,False
1590,fanon,4,False
1591,farad,4,False
1592,farce,3,False
1593,fargo,3,False
1594,farsi,4,False
1595,fatal,5,False
1596,fated,4,False
1597,fates,5,False
1598,fatso,4,False
1599,fatta,7,False
1600,fatty,6,False
1601,faugh,2,False
1602,fauld,3,False
1603,faule,5,False
1604,fault,5,False
1605,fauna,4,False
1606,faust,5,False
1607,faute,5,False
1608,favet,5,False
1609,favor,4,False
1610,fears,3,False
1611,feast,3,False
1612,feats,4,False
1613,feaze,5,False
1614,fecal,3,False
1615,feces,5,False
1616,fecit,3,False
1617,feels,4,False
1618,feeze,7,False
1619,feign,3,False
1620,feint,3,False
1621,felis,3,False
1622,felix,4,False
1623,felon,3,False
1624,femme,4,False
1625,femur,3,False
1626,fence,3,False
1627,fenny,4,False
1628,feoff,5,False
1629,feral,4,False
1630,ferat,5,False
1631,feria,3,False
1632,feroe,4,False
1633,ferre,5,False
1634,ferry,5,False
1635,fesse,6,False
1636,fetal,5,False
1637,fetch,2,False
1638,feted,3,False
1639,fetid,3,False
1640,fetor,4,False
1641,fetus,4,False
1642,fever,5,False
1643,fewer,6,False
1644,fianc,3,False
1645,fiber,3,False
1646,fichu,3,False
1647,ficus,4,False
1648,fidei,4,False
1649,fides,3,False
1650,fidus,4,False
1651,fieff,4,False
1652,field,2,False
1653,fiend,3,False
1654,fieri,4,False
1655,fiery,3,False
1656,fifer,7,False
1657,fifth,5,False
1658,fifty,4,False
1659,fight,2,False
1660,filar,3,False
1661,filch,2,False
1662,filer,3,False
1663,files,4,False
1664,fille,3,False
1665,filly,4,False
1666,filmy,3,False
1667,filth,3,False
1668,final,3,False
1669,finch,3,False
1670,finds,3,False
1671,fined,3,False
1672,finem,3,False
1673,finer,4,False
1674,finis,4,False
1675,fiord,2,False
1676,fires,4,False
1677,firma,4,False
1678,first,3,False
1679,firth,4,False
1680,fishs,4,False
1681,fishy,3,False
1682,fitly,4,False
1683,fiver,5,False
1684,fives,5,False
1685,fixed,4,False
1686,fixer,6,False
1687,fjord,3,False
1688,flags,3,False
1689,flail,4,False
1690,flair,3,False
1691,flake,3,False
1692,flaky,5,False
1693,flamb,2,False
1694,flame,4,False
1695,flank,3,False
1696,flant,4,False
1697,flare,5,False
1698,flash,2,False
1699,flask,4,False
1700,flats,5,False
1701,fleck,2,False
1702,fleer,4,False
1703,fleet,4,False
1704,flesh,2,False
1705,fleur,3,False
1706,flick,2,False
1707,flier,3,False
1708,flies,4,False
1709,fling,3,False
1710,flint,4,False
1711,flirt,3,False
1712,float,4,False
1713,flock,3,False
1714,flood,3,False
1715,floor,4,False
1716,flora,4,False
1717,floss,5,False
1718,flour,3,False
1719,flout,4,False
1720,flown,3,False
1721,fluff,4,False
1722,fluid,3,False
1723,fluke,3,False
1724,flume,4,False
1725,flunk,3,False
1726,flush,3,False
1727,flute,5,False
1728,flyer,4,False
1729,foamy,4,False
1730,focal,3,False
1731,focis,3,False
1732,focus,3,False
1733,foehn,3,False
1734,fogey,4,False
1735,foggy,4,False
1736,foils,3,False
1737,foist,4,False
1738,folio,4,False
1739,folks,3,False
1740,folly,4,False
1741,fomes,4,False
1742,fomor,4,False
1743,fools,4,False
1744,foots,4,False
1745,foram,4,False
1746,foray,5,False
1747,force,3,False
1748,forge,3,False
1749,forma,4,False
1750,forms,3,False
1751,forte,4,False
1752,forth,3,False
1753,forti,3,False
1754,forty,4,False
1755,forum,4,False
1756,fossa,5,False
1757,fosse,4,False
1758,fouet,5,False
1759,foule,3,False
1760,found,3,False
1761,fount,5,False
1762,fours,3,False
1763,fovea,4,False
1764,fowls,4,False
1765,foyer,4,False
1766,fraca,3,False
1767,frail,3,False
1768,frais,3,False
1769,frame,3,False
1770,franc,3,False
1771,frank,3,False
1772,frapp,4,False
1773,fraud,3,False
1774,fraus,4,False
1775,freak,3,False
1776,freed,4,False
1777,fresh,3,False
1778,freud,3,False
1779,freya,4,False
1780,friar,4,False
1781,fried,3,False
1782,frigg,3,False
1783,frill,5,False
1784,frise,3,False
1785,frisk,4,False
1786,frith,4,False
1787,frizz,6,False
1788,frock,3,False
1789,froid,3,False
1790,frond,3,False
1791,frons,4,False
1792,front,5,False
1793,frore,4,False
1794,frost,5,False
1795,froth,3,False
1796,frown,5,False
1797,fruit,4,False
1798,frump,3,False
1799,fryer,4,False
1800,fucus,4,False
1801,fudge,3,False
1802,fuego,3,False
1803,fuels,3,False
1804,fugal,3,False
1805,fuggy,4,False
1806,fugit,4,False
1807,fugue,4,False
1808,fullc,3,False
1809,fully,4,False
1810,fumed,3,False
1811,fumes,4,False
1812,fumid,4,False
1813,funds,3,False
1814,fungi,4,False
1815,funky,4,False
1816,funny,4,False
1817,furan,3,False
1818,furor,5,False
1819,furst,4,False
1820,furto,4,False
1821,furze,4,False
1822,fusee,4,False
1823,fusel,4,False
1824,fusil,4,False
1825,fussy,6,False
1826,fusty,5,False
1827,futon,4,False
1828,fuzzy,6,False
1829,gabel,3,False
1830,gable,4,False
1831,gabon,3,False
1832,gaddi,5,False
1833,gadus,3,False
1834,gaffe,3,False
1835,gager,9,False
1836,gaily,3,False
1837,galan,4,False
1838,galax,4,False
1839,galen,4,False
1840,galop,3,False
1841,gamba,4,False
1842,games,5,False
1843,gamey,6,False
1844,gamic,3,False
1845,gamin,3,False
1846,gamma,6,False
1847,gammy,5,False
1848,gamut,4,False
1849,ganja,4,False
1850,gansu,5,False
1851,garde,3,False
1852,garth,4,False
1853,gassy,6,False
1854,gates,6,False
1855,gaudy,4,False
1856,gauge,5,False
1857,gaunt,4,False
1858,gauri,4,False
1859,gauss,5,False
1860,gauze,4,False
1861,gavel,5,False
1862,gavia,4,False
1863,gavot,4,False
1864,gawky,5,False
1865,gayal,4,False
1866,gazer,4,False
1867,geant,3,False
1868,gecko,3,False
1869,geese,6,False
1870,geist,3,False
1871,gelid,2,False
1872,gemma,4,False
1873,genet,5,False
1874,genic,3,False
1875,genie,4,False
1876,genip,3,False
1877,genoa,3,False
1878,genou,3,False
1879,genre,4,False
1880,genug,5,False
1881,genus,4,False
1882,gerea,4,False
1883,germy,4,False
1884,geste,5,False
1885,ghana,4,False
1886,ghaut,4,False
1887,ghost,3,False
1888,ghoul,3,False
1889,ghyll,4,False
1890,giant,3,False
1891,gidar,4,False
1892,giddy,4,False
1893,gifts,3,False
1894,gigue,4,False
1895,giles,4,False
1896,gills,4,False
1897,gimel,3,False
1898,giova,4,False
1899,girru,3,False
1900,girth,3,False
1901,gismo,4,False
1902,given,4,False
1903,giver,4,False
1904,glade,2,False
1905,glair,3,False
1906,gland,2,False
1907,glans,3,False
1908,glare,3,False
1909,glass,5,False
1910,glaux,4,False
1911,glave,4,False
1912,glaze,5,False
1913,gleam,3,False
1914,glean,4,False
1915,gleba,4,False
1916,glebe,4,False
1917,gleek,3,False
1918,gleet,4,False
1919,glenn,4,False
1920,glide,3,False
1921,glint,5,False
1922,glitz,5,False
1923,gloam,3,False
1924,gloar,4,False
1925,gloat,5,False
1926,globe,3,False
1927,glogg,7,False
1928,gloom,4,False
1929,glory,3,False
1930,gloss,6,False
1931,glout,5,False
1932,glove,4,False
1933,gloze,5,False
1934,gluck,3,False
1935,glued,3,False
1936,gluey,5,False
1937,glume,4,False
1938,gluon,4,False
1939,glyph,4,False
1940,gnarl,3,False
1941,gnash,3,False
1942,gnome,3,False
1943,gobio,3,False
1944,godly,3,False
1945,going,5,False
1946,golem,3,False
1947,golly,5,False
1948,gondi,3,False
1949,goner,4,False
1950,goods,3,False
1951,goody,4,False
1952,gooey,4,False
1953,goose,5,False
1954,goosh,3,False
1955,goral,4,False
1956,goran,4,False
1957,gorge,5,False
1958,gorki,3,False
1959,gorse,4,False
1960,gotha,4,False
1961,gouda,3,False
1962,gouge,5,False
1963,gourd,3,False
1964,gouty,5,False
1965,grace,2,False
1966,grade,3,False
1967,grado,3,False
1968,graft,3,False
1969,grail,3,False
1970,grain,3,False
1971,grama,5,False
1972,grand,3,False
1973,grano,4,False
1974,grant,4,False
1975,grape,3,False
1976,graph,3,False
1977,grasp,4,False
1978,grass,5,False
1979,grata,4,False
1980,grate,4,False
1981,grave,5,False
1982,gravy,6,False
1983,graze,6,False
1984,great,4,False
1985,grebe,4,False
1986,greed,3,False
1987,greek,3,False
1988,green,4,False
1989,greet,5,False
1990,grias,4,False
1991,grids,3,False
1992,grief,3,False
1993,grift,3,False
1994,grill,5,False
1995,grime,3,False
1996,grimm,5,False
1997,grimy,4,False
1998,grind,3,False
1999,griot,4,False
2000,gripe,4,False
2001,grips,3,False
2002,grist,4,False
2003,grits,4,False
2004,groan,4,False
2005,groat,4,False
2006,grody,3,False
2007,groin,3,False
2008,groom,5,False
2009,grope,4,False
2010,gross,8,False
2011,grosz,7,False
2012,group,4,False
2013,grout,6,False
2014,grove,5,False
2015,growl,4,False
2016,grown,4,False
2017,gruel,4,False
2018,gruff,3,False
2019,grume,4,False
2020,grump,3,False
2021,grunt,4,False
2022,guama,4,False
2023,guano,5,False
2024,guard,3,False
2025,guava,5,False
2026,guess,5,False
2027,guest,4,False
2028,guide,4,False
2029,guild,3,False
2030,guile,4,False
2031,guilt,5,False
2032,guise,4,False
2033,gulag,5,False
2034,gulch,3,False
2035,gules,4,False
2036,gully,4,False
2037,gulph,3,False
2038,gumbo,3,False
2039,gumma,4,False
2040,guppy,4,False
2041,gurge,4,False
2042,gurry,4,False
2043,gusto,4,False
2044,gusty,4,False
2045,gutsy,5,False
2046,guyot,5,False
2047,gypsy,4,False
2048,gyral,4,False
2049,gyrus,4,False
2050,haber,2,False
2051,habet,3,False
2052,habit,3,False
2053,hacek,2,False
2054,hadal,3,False
2055,hades,3,False
2056,hadji,3,False
2057,haida,3,False
2058,haifa,3,False
2059,haiku,4,False
2060,hairs,5,False
2061,hairy,6,False
2062,haiti,6,False
2063,hajji,3,False
2064,hakea,5,False
2065,hakka,6,False
2066,haler,3,False
2067,halma,5,False
2068,halve,4,False
2069,hamal,4,False
2070,haman,5,False
2071,hammy,5,False
2072,hands,3,False
2073,handy,4,False
2074,hangs,3,False
2075,hanoi,4,False
2076,haply,5,False
2077,happy,6,False
2078,hardy,4,False
2079,harem,4,False
2080,harms,4,False
2081,harpy,5,False
2082,harry,6,False
2083,harsh,4,False
2084,hasta,5,False
2085,haste,3,False
2086,hasty,4,False
2087,hatch,9,False
2088,hated,3,False
2089,hater,4,False
2090,haugh,4,False
2091,haulm,4,False
2092,haunt,4,False
2093,hausa,5,False
2094,haute,5,False
2095,haven,4,False
2096,havoc,4,False
2097,hawse,4,False
2098,haydn,4,False
2099,hayes,3,False
2100,hazel,4,False
2101,heads,3,False
2102,heady,4,False
2103,heald,2,False
2104,heaps,3,False
2105,heard,3,False
2106,heart,4,False
2107,heath,3,False
2108,heave,6,False
2109,heavy,5,False
2110,hecha,2,False
2111,hedge,3,False
2112,heels,4,False
2113,hefty,3,False
2114,hegel,3,False
2115,heirs,3,False
2116,heiss,4,False
2117,heist,4,False
2118,helen,5,False
2119,helix,3,False
2120,hello,4,False
2121,hells,5,False
2122,helot,3,False
2123,helps,4,False
2124,helve,6,False
2125,hemal,2,False
2126,hemic,2,False
2127,hence,2,False
2128,henna,3,False
2129,henry,4,False
2130,herba,2,False
2131,herbe,3,False
2132,herbs,2,False
2133,herds,5,False
2134,herod,4,False
2135,heron,4,False
2136,hertz,4,False
2137,heure,5,False
2138,hevea,4,False
2139,hewer,6,False
2140,hexed,5,False
2141,hider,2,False
2142,hiker,3,False
2143,hilar,3,False
2144,hills,4,False
2145,hilly,5,False
2146,hilum,4,False
2147,hinan,4,False
2148,hindi,4,False
2149,hindu,3,False
2150,hinge,3,False
2151,hinny,4,False
2152,hired,3,False
2153,hitch,6,False
2154,hoard,3,False
2155,hoary,3,False
2156,hobby,3,False
2157,hocus,3,False
2158,hogan,3,False
2159,hoist,4,False
2160,hoity,4,False
2161,hokan,4,False
2162,holds,3,False
2163,holes,3,False
2164,holey,4,False
2165,holly,4,False
2166,holus,4,False
2167,homer,3,False
2168,homes,4,False
2169,homme,5,False
2170,honey,4,False
2171,honor,5,False
2172,honos,5,False
2173,honte,3,False
2174,hooch,6,False
2175,hooks,5,False
2176,hopes,5,False
2177,horde,3,False
2178,horns,4,False
2179,horny,4,False
2180,horse,4,False
2181,horst,3,False
2182,horsy,4,False
2183,horus,5,False
2184,hosea,4,False
2185,hosta,4,False
2186,hosts,4,False
2187,hotei,3,False
2188,hotel,4,False
2189,hough,7,False
2190,hound,4,False
2191,houri,5,False
2192,hours,5,False
2193,house,6,False
2194,hovea,3,False
2195,hovel,5,False
2196,hover,4,False
2197,hoyle,4,False
2198,hubby,3,False
2199,huffy,3,False
2200,hulks,4,False
2201,hulky,4,False
2202,human,4,False
2203,humid,4,False
2204,humor,4,False
2205,humph,3,False
2206,humus,5,False
2207,hunch,6,False
2208,hundi,4,False
2209,hunks,4,False
2210,hurry,4,False
2211,hurst,4,False
2212,husky,4,False
2213,hussy,5,False
2214,hutch,4,False
2215,huzza,5,False
2216,hydra,4,False
2217,hyena,4,False
2218,hygre,3,False
2219,hymen,4,False
2220,hyoid,5,False
2221,hypha,4,False
2222,hyrax,5,False
2223,ibeam,3,False
2224,ibsen,3,False
2225,ichor,4,False
2226,icily,4,False
2227,icing,4,False
2228,ictus,5,False
2229,idaho,2,False
2230,ideal,3,False
2231,ideas,4,False
2232,idiom,5,False
2233,idiot,5,False
2234,idler,4,False
2235,idocy,4,False
2236,idols,3,False
2237,idyll,4,False
2238,igigi,5,False
2239,igloo,4,False
2240,ignis,4,False
2241,ilama,4,False
2242,ileum,3,False
2243,iliac,3,False
2244,iliad,4,False
2245,ilium,4,False
2246,illae,4,False
2247,illis,5,False
2248,image,3,False
2249,imago,3,False
2250,imaum,5,False
2251,imbed,2,False
2252,imbeu,3,False
2253,imbue,3,False
2254,imide,6,False
2255,immix,4,False
2256,impel,3,False
2257,imply,4,False
2258,inlaw,5,False
2259,inane,5,False
2260,inani,5,False
2261,inapt,4,False
2262,incur,5,False
2263,incus,4,False
2264,index,4,False
2265,india,4,False
2266,indic,3,False
2267,indra,3,False
2268,indri,3,False
2269,indue,5,False
2270,indus,5,False
2271,inept,4,False
2272,inert,5,False
2273,inest,4,False
2274,infer,4,False
2275,infix,4,False
2276,infra,3,False
2277,ingle,3,False
2278,ingot,3,False
2279,inkle,4,False
2280,inlay,6,False
2281,inlet,4,False
2282,inner,5,False
2283,inset,5,False
2284,inter,4,False
2285,intra,5,False
2286,intro,3,False
2287,inula,4,False
2288,inure,4,False
2289,inurn,4,False
2290,invar,5,False
2291,ionia,4,False
2292,ionic,7,False
2293,iowan,4,False
2294,ipsus,5,False
2295,irani,4,False
2296,iraqi,4,False
2297,irate,4,False
2298,irena,4,False
2299,irish,5,False
2300,iroin,4,False
2301,irons,4,False
2302,irony,5,False
2303,irota,5,False
2304,irula,5,False
2305,isaac,4,False
2306,isere,5,False
2307,islam,4,False
2308,islet,5,False
2309,issue,5,False
2310,issus,6,False
2311,istic,4,False
2312,istos,4,False
2313,italy,5,False
2314,items,4,False
2315,ivied,4,False
2316,ivory,4,False
2317,ixion,4,False
2318,jabot,4,False
2319,jacal,4,False
2320,jacet,3,False
2321,jacks,4,False
2322,jacob,3,False
2323,jacta,4,False
2324,jaded,4,False
2325,jaffa,3,False
2326,jagah,3,False
2327,jager,3,False
2328,jahre,3,False
2329,jakes,3,False
2330,jaldi,3,False
2331,james,4,False
2332,janty,5,False
2333,janua,6,False
2334,janus,5,False
2335,japan,4,False
2336,jason,5,False
2337,jaunt,4,False
2338,jazzy,5,False
2339,jecur,4,False
2340,jello,4,False
2341,jelly,5,False
2342,jemmy,5,False
2343,jenny,5,False
2344,jerez,6,False
2345,jerid,4,False
2346,jerks,4,False
2347,jerky,5,False
2348,jerry,5,False
2349,jests,5,False
2350,jesus,5,False
2351,jeter,5,False
2352,jetty,5,False
2353,jeune,4,False
2354,jewel,7,False
2355,jewis,6,False
2356,jhuth,4,False
2357,jiffy,4,False
2358,jihad,2,False
2359,jimmy,5,False
2360,jingo,3,False
2361,jinks,4,False
2362,jiqui,5,False
2363,jnuis,4,False
2364,joint,4,False
2365,joist,4,False
2366,joker,4,False
2367,jokes,5,False
2368,jolly,4,False
2369,jonah,3,False
2370,jones,4,False
2371,jorum,3,False
2372,jotun,4,False
2373,jouir,4,False
2374,joule,3,False
2375,joust,4,False
2376,jubeo,3,False
2377,judas,5,False
2378,judge,3,False
2379,juice,4,False
2380,juicy,3,False
2381,julep,4,False
2382,jumbo,4,False
2383,jumps,4,False
2384,junco,3,False
2385,junta,4,False
2386,junto,4,False
2387,jural,4,False
2388,jurat,4,False
2389,juris,4,False
2390,juror,4,False
2391,juste,4,False
2392,jutty,4,False
2393,kabob,4,False
2394,kabul,4,False
2395,kadai,3,False
2396,kafir,3,False
2397,kafka,4,False
2398,kahin,3,False
2399,kalki,5,False
2400,kalon,4,False
2401,kamba,4,False
2402,kamet,5,False
2403,kamia,5,False
2404,kansa,5,False
2405,kanzu,5,False
2406,kapok,5,False
2407,kappa,5,False
2408,kaput,4,False
2409,karat,5,False
2410,karen,5,False
2411,karma,5,False
2412,karok,5,False
2413,kasha,4,False
2414,kauai,5,False
2415,kauri,5,False
2416,kayak,6,False
2417,kazak,6,False
2418,kazan,6,False
2419,kazoo,5,False
2420,keats,5,False
2421,keble,3,False
2422,kedge,3,False
2423,keeps,5,False
2424,kempt,4,False
2425,kenaf,3,False
2426,kenya,4,False
2427,ketch,3,False
2428,keyed,4,False
2429,khaki,3,False
2430,khana,5,False
2431,khaya,5,False
2432,khmer,3,False
2433,khoja,3,False
2434,khoum,4,False
2435,khudd,4,False
2436,khuen,3,False
2437,kiack,4,False
2438,kiang,3,False
2439,kiddy,4,False
2440,kills,4,False
2441,kimbo,2,False
2442,kinds,4,False
2443,kings,3,False
2444,kinky,4,False
2445,kiosk,4,False
2446,kiowa,4,False
2447,kites,5,False
2448,kitty,4,False
2449,klutz,5,False
2450,knack,5,False
2451,knarl,4,False
2452,knave,5,False
2453,knead,4,False
2454,kneed,4,False
2455,kneel,4,False
2456,knees,4,False
2457,knell,4,False
2458,knife,4,False
2459,knish,4,False
2460,knock,4,False
2461,knoll,4,False
2462,knout,4,False
2463,known,6,False
2464,knows,5,False
2465,knurl,3,False
2466,knurr,4,False
2467,koala,5,False
2468,kobus,3,False
2469,kogia,3,False
2470,koine,4,False
2471,kokka,5,False
2472,kolam,4,False
2473,kongo,4,False
2474,kopek,6,False
2475,kopje,4,False
2476,koran,4,False
2477,korea,4,False
2478,kotow,5,False
2479,kraal,4,False
2480,kraft,4,False
2481,krait,4,False
2482,kraut,5,False
2483,krill,4,False
2484,krubi,3,False
2485,krupp,4,False
2486,kudzu,4,False
2487,kursi,4,False
2488,kurux,5,False
2489,kusan,4,False
2490,kvass,4,False
2491,kwack,6,False
2492,kwela,4,False
2493,kyles,5,False
2494,kylie,5,False
2495,kyoto,5,False
2496,label,4,False
2497,labor,4,False
2498,laced,3,False
2499,laden,3,False
2500,ladle,4,False
2501,ladys,4,False
2502,lagan,4,False
2503,lager,4,False
2504,lagos,4,False
2505,lahar,4,False
2506,laird,3,False
2507,laity,4,False
2508,lally,7,False
2509,lamba,4,False
2510,lamia,6,False
2511,lamna,4,False
2512,lampe,4,False
2513,lanai,4,False
2514,lance,3,False
2515,lands,3,False
2516,lanky,5,False
2517,lapel,6,False
2518,lapin,4,False
2519,lapis,5,False
2520,lapse,4,False
2521,larch,3,False
2522,lares,5,False
2523,large,4,False
2524,largo,4,False
2525,larid,4,False
2526,larix,6,False
2527,larum,4,False
2528,larus,5,False
2529,larva,5,False
2530,laser,5,False
2531,lashd,3,False
2532,lasso,4,False
2533,latch,3,False
2534,later,6,False
2535,latet,8,False
2536,latex,7,False
2537,lathe,3,False
2538,lathi,4,False
2539,latin,5,False
2540,laudo,4,False
2541,laugh,3,False
2542,laver,7,False
2543,laxly,5,False
2544,layby,5,False
2545,layer,8,False
2546,layia,4,False
2547,leach,2,False
2548,leads,2,False
2549,leafy,3,False
2550,leaky,4,False
2551,leaps,3,False
2552,learl,5,False
2553,learn,4,False
2554,lease,4,False
2555,leash,3,False
2556,least,3,False
2557,leave,5,False
2558,leben,4,False
2559,ledge,3,False
2560,ledum,3,False
2561,leech,4,False
2562,leeds,5,False
2563,leery,6,False
2564,legal,5,False
2565,legem,4,False
2566,leges,5,False
2567,leggy,5,False
2568,legis,3,False
2569,legon,3,False
2570,leman,3,False
2571,lemma,4,False
2572,lemna,3,False
2573,lemon,3,False
2574,lemur,4,False
2575,lends,4,False
2576,lenin,5,False
2577,lente,4,False
2578,lento,4,False
2579,leone,5,False
2580,lepas,5,False
2581,leper,5,False
2582,lepus,4,False
2583,lerot,4,False
2584,lethe,3,False
2585,letup,5,False
2586,leuco,4,False
2587,levee,6,False
2588,level,7,False
2589,lever,5,False
2590,levis,5,False
2591,levin,4,False
2592,lexis,5,False
2593,leyte,6,False
2594,lhasa,4,False
2595,liana,3,False
2596,libel,5,False
2597,libet,4,False
2598,libra,3,False
2599,libya,4,False
2600,licet,3,False
2601,licit,4,False
2602,liein,4,False
2603,liege,3,False
2604,lifer,3,False
2605,liger,4,False
2606,light,3,False
2607,ligne,4,False
2608,ligno,4,False
2609,liked,3,False
2610,likes,4,False
2611,likin,4,False
2612,lilac,4,False
2613,lilly,5,False
2614,limae,4,False
2615,limax,5,False
2616,limbo,3,False
2617,limbs,3,False
2618,limey,4,False
2619,limit,4,False
2620,limoe,4,False
2621,limpa,4,False
2622,lindy,4,False
2623,linea,4,False
2624,lined,4,False
2625,linen,6,False
2626,liner,5,False
2627,lines,5,False
2628,lingo,4,False
2629,lions,3,False
2630,lipid,3,False
2631,lisle,3,False
2632,lisom,4,False
2633,lists,5,False
2634,litem,5,False
2635,liter,6,False
2636,lites,6,False
2637,lithe,4,False
2638,lived,5,False
2639,liver,7,False
2640,lives,7,False
2641,livid,4,False
2642,livor,4,False
2643,llaga,4,False
2644,llama,6,False
2645,llano,5,False
2646,loach,2,False
2647,loamy,5,False
2648,loasa,5,False
2649,loath,3,False
2650,lobar,3,False
2651,lobby,4,False
2652,lobed,3,False
2653,local,5,False
2654,locke,3,False
2655,locks,4,False
2656,locos,5,False
2657,locum,4,False
2658,locus,4,False
2659,lodge,3,False
2660,loeil,4,False
2661,loess,4,False
2662,lofty,3,False
2663,logan,4,False
2664,logic,3,False
2665,logos,4,False
2666,loins,4,False
2667,loire,4,False
2668,lolly,5,False
2669,lonas,5,False
2670,loner,4,False
2671,longo,4,False
2672,looby,5,False
2673,loofa,4,False
2674,lookd,3,False
2675,looks,4,False
2676,loose,5,False
2677,lords,3,False
2678,lorry,4,False
2679,losel,6,False
2680,loser,5,False
2681,lotto,5,False
2682,lotus,4,False
2683,lough,3,False
2684,loupe,4,False
2685,loups,4,False
2686,louse,5,False
2687,lousy,5,False
2688,loved,5,False
2689,lover,6,False
2690,loves,5,False
2691,lovoa,5,False
2692,lower,7,False
2693,lowly,5,False
2694,loxia,4,False
2695,loyal,6,False
2696,lucan,3,False
2697,lucid,3,False
2698,lucky,4,False
2699,lucre,4,False
2700,lucri,4,False
2701,lucus,5,False
2702,luffa,4,False
2703,luger,4,False
2704,luggy,4,False
2705,lukes,4,False
2706,lulld,4,False
2707,lumen,4,False
2708,lumpy,4,False
2709,lunar,4,False
2710,lunch,3,False
2711,lunda,3,False
2712,lunge,4,False
2713,lungi,4,False
2714,lungs,3,False
2715,lupus,4,False
2716,lurch,4,False
2717,lurid,4,False
2718,lushy,3,False
2719,lusty,4,False
2720,lusus,5,False
2721,lutra,4,False
2722,luxor,4,False
2723,luyia,5,False
2724,luzon,5,False
2725,lygus,4,False
2726,lying,5,False
2727,lymph,4,False
2728,lynch,4,False
2729,lyram,4,False
2730,lyric,4,False
2731,lysis,5,False
2732,lysol,4,False
2733,maana,5,False
2734,mabap,4,False
2735,macao,5,False
2736,macaw,4,False
2737,macht,4,False
2738,macon,4,False
2739,macro,4,False
2740,macte,4,False
2741,madam,5,False
2742,madia,4,False
2743,madid,5,False
2744,madly,4,False
2745,mafia,4,False
2746,magic,4,False
2747,magma,5,False
2748,magna,4,False
2749,magni,3,False
2750,magno,3,False
2751,magog,4,False
2752,magus,4,False
2753,mahoe,4,False
2754,maidu,3,False
2755,maine,3,False
2756,major,4,False
2757,maker,5,False
2758,makes,4,False
2759,malay,6,False
2760,maldu,3,False
2761,maleo,4,False
2762,malis,4,False
2763,malmo,5,False
2764,malta,5,False
2765,malto,5,False
2766,malum,5,False
2767,malus,4,False
2768,malva,6,False
2769,mamba,6,False
2770,mamey,7,False
2771,mamma,6,False
2772,mammy,5,False
2773,manda,4,False
2774,mande,3,False
2775,manes,4,False
2776,manet,5,False
2777,mange,3,False
2778,mango,3,False
2779,mangy,4,False
2780,mania,4,False
2781,manie,4,False
2782,manis,3,False
2783,manly,5,False
2784,manna,6,False
2785,manor,4,False
2786,manse,4,False
2787,mansi,3,False
2788,manta,5,False
2789,manul,4,False
2790,manus,5,False
2791,maori,4,False
2792,maple,4,False
2793,marah,4,False
2794,march,4,False
2795,mardi,4,False
2796,marek,4,False
2797,mares,5,False
2798,maria,6,False
2799,marks,4,False
2800,marry,6,False
2801,marsh,3,False
2802,marte,5,False
2803,marut,5,False
2804,masai,5,False
2805,maser,5,False
2806,mashi,5,False
2807,mason,4,False
2808,masse,7,False
2809,massy,5,False
2810,matai,5,False
2811,match,4,False
2812,mated,4,False
2813,mater,6,False
2814,matin,4,False
2815,matzo,5,False
2816,maund,4,False
2817,maure,6,False
2818,mauve,6,False
2819,mavis,6,False
2820,maxim,7,False
2821,mayan,4,False
2822,maybe,4,False
2823,mayor,5,False
2824,mazed,5,False
2825,mazer,6,False
2826,mccoy,4,False
2827,mealy,4,False
2828,means,5,False
2829,meant,4,False
2830,meaty,4,False
2831,mecca,3,False
2832,mecum,3,False
2833,medal,3,False
2834,medea,3,False
2835,medes,5,False
2836,media,2,False
2837,medic,2,False
2838,medio,4,False
2839,medoc,3,False
2840,meets,5,False
2841,melee,6,False
2842,meles,5,False
2843,melia,3,False
2844,melic,3,False
2845,melon,4,False
2846,memor,4,False
2847,mente,5,False
2848,merci,2,False
2849,mercy,3,False
2850,merge,4,False
2851,merit,4,False
2852,merry,5,False
2853,mesic,4,False
2854,mesne,5,False
2855,meson,4,False
2856,messy,5,False
2857,mesua,3,False
2858,metal,3,False
2859,meter,4,False
2860,metic,5,False
2861,metis,5,False
2862,metro,4,False
2863,meurt,4,False
2864,meuse,4,False
2865,mewed,5,False
2866,mezzo,5,False
2867,miami,5,False
2868,miasm,5,False
2869,micro,3,False
2870,midon,4,False
2871,midas,4,False
2872,middy,5,False
2873,midge,3,False
2874,midst,4,False
2875,mieux,5,False
2876,might,4,False
2877,milan,4,False
2878,milch,3,False
2879,miler,4,False
2880,milky,4,False
2881,mimer,7,False
2882,mimic,5,False
2883,mimir,5,False
2884,mimus,5,False
2885,mince,4,False
2886,minds,5,False
2887,mined,3,False
2888,miner,4,False
2889,minim,5,False
2890,minis,5,False
2891,minor,4,False
2892,minos,4,False
2893,minsk,4,False
2894,minus,4,False
2895,mirth,4,False
2896,misce,4,False
2897,misdo,4,False
2898,miser,4,False
2899,missa,6,False
2900,mists,5,False
2901,misty,5,False
2902,mitad,4,False
2903,miter,5,False
2904,mitra,5,False
2905,miwok,5,False
2906,mixed,4,False
2907,mixen,4,False
2908,mixer,6,False
2909,mnium,4,False
2910,mocha,4,False
2911,modal,4,False
2912,model,4,False
2913,modem,5,False
2914,modes,4,False
2915,modue,4,False
2916,modus,4,False
2917,mogul,3,False
2918,moire,4,False
2919,moist,5,False
2920,mokes,4,False
2921,molar,4,False
2922,moldy,4,False
2923,moles,4,False
2924,molly,5,False
2925,molto,4,False
2926,molva,4,False
2927,momus,5,False
2928,monad,3,False
2929,monal,4,False
2930,monde,4,False
2931,money,5,False
2932,mongo,4,False
2933,monte,4,False
2934,month,4,False
2935,mooch,5,False
2936,moods,4,False
2937,moody,4,False
2938,moore,7,False
2939,moory,5,False
2940,moose,5,False
2941,moped,3,False
2942,mopsy,4,False
2943,mopus,4,False
2944,moral,5,False
2945,moray,4,False
2946,morbo,3,False
2947,morel,4,False
2948,mores,5,False
2949,mormo,5,False
2950,morra,5,False
2951,morse,4,False
2952,morta,4,False
2953,morus,4,False
2954,mosan,5,False
2955,moses,7,False
2956,mossa,5,False
2957,mossy,5,False
2958,motel,5,False
2959,motet,6,False
2960,motif,3,False
2961,motor,5,False
2962,motte,5,False
2963,motto,5,False
2964,mould,3,False
2965,mound,4,False
2966,mount,4,False
2967,mourn,3,False
2968,mouse,5,False
2969,mousy,5,False
2970,mouth,3,False
2971,moved,4,False
2972,mover,5,False
2973,moves,6,False
2974,movie,4,False
2975,msdos,4,False
2976,msasa,5,False
2977,mucid,4,False
2978,mucin,3,False
2979,mucky,4,False
2980,mucor,4,False
2981,mucus,5,False
2982,muddy,4,False
2983,mudra,4,False
2984,mufti,3,False
2985,muggy,4,False
2986,mugil,3,False
2987,mujer,4,False
2988,mulch,4,False
2989,mulct,3,False
2990,mulet,4,False
2991,multa,5,False
2992,multi,4,False
2993,mumbo,5,False
2994,mummy,6,False
2995,mumps,5,False
2996,munch,4,False
2997,munda,4,False
2998,mundi,4,False
2999,muori,3,False
3000,muove,6,False
3001,mural,4,False
3002,murem,5,False
3003,murky,4,False
3004,muros,4,False
3005,murre,4,False
3006,murus,5,False
3007,musca,4,False
3008,muses,5,False
3009,musgu,4,False
3010,mushy,4,False
3011,music,4,False
3012,musky,4,False
3013,mussy,6,False
3014,musty,5,False
3015,mutal,5,False
3016,mutum,5,False
3017,muzzy,5,False
3018,mwera,5,False
3019,mylar,5,False
3020,myoid,3,False
3021,myoma,5,False
3022,myope,5,False
3023,myrrh,5,False
3024,mysis,4,False
3025,nabob,5,False
3026,nacho,3,False
3027,nacre,3,False
3028,nadir,3,False
3029,nager,5,False
3030,naiad,4,False
3031,naias,5,False
3032,naiki,4,False
3033,nails,4,False
3034,naira,5,False
3035,naive,4,False
3036,naked,3,False
3037,named,4,False
3038,names,5,False
3039,nammu,4,False
3040,nanna,7,False
3041,nanny,7,False
3042,naomi,4,False
3043,napha,4,False
3044,nappy,5,False
3045,naris,4,False
3046,nasal,5,False
3047,nasci,4,False
3048,nasty,6,False
3049,nasua,6,False
3050,natal,6,False
3051,natch,5,False
3052,natty,6,False
3053,natus,5,False
3054,nauru,6,False
3055,naval,7,False
3056,navel,6,False
3057,navvy,6,False
3058,nawab,4,False
3059,neats,6,False
3060,necio,4,False
3061,necks,4,False
3062,needs,5,False
3063,needy,6,False
3064,nefas,4,False
3065,negev,5,False
3066,negro,4,False
3067,negus,4,False
3068,nehru,4,False
3069,neigh,2,False
3070,nella,4,False
3071,nenia,5,False
3072,nepal,5,False
3073,nepos,4,False
3074,neque,5,False
3075,nerve,6,False
3076,nervy,5,False
3077,never,5,False
3078,nevis,5,False
3079,newel,5,False
3080,newly,4,False
3081,newsy,5,False
3082,nexus,5,False
3083,nguni,5,False
3084,ngwee,4,False
3085,niais,4,False
3086,nicad,2,False
3087,niche,3,False
3088,nicht,4,False
3089,nidor,3,False
3090,nidus,4,False
3091,niece,3,False
3092,niffy,5,False
3093,niger,3,False
3094,night,5,False
3095,nihau,3,False
3096,nihil,4,False
3097,nilly,4,False
3098,nimis,4,False
3099,ninny,6,False
3100,ninos,5,False
3101,ninth,5,False
3102,nintu,6,False
3103,niobe,3,False
3104,nisan,6,False
3105,nisus,5,False
3106,niter,4,False
3107,nitid,5,False
3108,nitor,5,False
3109,nixie,4,False
3110,nixon,6,False
3111,nizam,6,False
3112,njord,3,False
3113,nohit,3,False
3114,noahs,3,False
3115,nobis,4,False
3116,noble,3,False
3117,nobly,3,False
3118,nocet,3,False
3119,noddy,4,False
3120,nodus,5,False
3121,noire,4,False
3122,noise,5,False
3123,noisy,5,False
3124,nolle,4,False
3125,nomad,3,False
3126,nomia,4,False
3127,nonce,5,False
3128,nones,5,False
3129,nonny,6,False
3130,nonum,4,False
3131,noobe,5,False
3132,noose,5,False
3133,nopal,4,False
3134,noria,5,False
3135,norma,5,False
3136,north,4,False
3137,nosce,4,False
3138,nosed,4,False
3139,notch,4,False
3140,noted,5,False
3141,notes,5,False
3142,notre,4,False
3143,novel,5,False
3144,novus,5,False
3145,nubes,4,False
3146,nudge,4,False
3147,nugae,4,False
3148,nugas,4,False
3149,nulla,4,False
3150,nulli,5,False
3151,numen,5,False
3152,nummi,4,False
3153,numps,4,False
3154,nuova,4,False
3155,nurse,5,False
3156,nusku,4,False
3157,nutty,4,False
3158,nwill,5,False
3159,nyala,4,False
3160,nylon,5,False
3161,nymph,4,False
3162,nyssa,5,False
3163,oaken,4,False
3164,oakum,4,False
3165,oasis,5,False
3166,oaten,5,False
3167,oaths,4,False
3168,obeah,2,False
3169,obese,4,False
3170,occur,5,False
3171,ocean,4,False
3172,ocher,3,False
3173,ochna,4,False
3174,octal,4,False
3175,octet,4,False
3176,oculi,3,False
3177,odium,4,False
3178,oevum,4,False
3179,offal,5,False
3180,offer,4,False
3181,often,3,False
3182,ogham,3,False
3183,ogler,4,False
3184,ohmic,3,False
3185,oiled,4,False
3186,okapi,4,False
3187,olden,4,False
3188,older,5,False
3189,oleum,4,False
3190,olive,5,False
3191,ology,5,False
3192,omaha,4,False
3193,omani,4,False
3194,omega,3,False
3195,omnem,5,False
3196,omnes,4,False
3197,omnia,3,False
3198,omnib,3,False
3199,omnis,5,False
3200,onkey,5,False
3201,onine,5,False
3202,onion,5,False
3203,onset,5,False
3204,opepe,5,False
3205,opera,5,False
3206,opima,5,False
3207,opium,5,False
3208,opsin,5,False
3209,optez,5,False
3210,optic,3,False
3211,orach,3,False
3212,orbed,4,False
3213,orbem,3,False
3214,orbit,4,False
3215,order,5,False
3216,oread,5,False
3217,organ,5,False
3218,oriel,4,False
3219,origo,4,False
3220,orion,5,False
3221,oriya,5,False
3222,orlon,4,False
3223,ormer,5,False
3224,oryza,5,False
3225,osage,4,False
3226,osaka,5,False
3227,oscan,4,False
3228,oscar,4,False
3229,osier,5,False
3230,other,4,False
3231,otium,5,False
3232,ottar,6,False
3233,otter,6,False
3234,oudre,4,False
3235,ought,3,False
3236,ouija,5,False
3237,ounce,4,False
3238,ouphe,4,False
3239,outas,5,False
3240,outdo,4,False
3241,outer,5,False
3242,outgo,5,False
3243,outre,5,False
3244,ovary,5,False
3245,ovate,5,False
3246,overt,6,False
3247,ovoid,4,False
3248,ovule,4,False
3249,owing,4,False
3250,owlet,4,False
3251,owned,4,False
3252,owner,5,False
3253,oxbow,5,False
3254,oxeye,6,False
3255,oxide,4,False
3256,oxime,4,False
3257,oxlip,5,False
3258,ozone,6,False
3259,paced,4,False
3260,pacem,4,False
3261,pacer,5,False
3262,paces,6,False
3263,padda,6,False
3264,paddy,6,False
3265,padre,3,False
3266,padua,4,False
3267,paean,5,False
3268,paena,6,False
3269,pagan,5,False
3270,pagri,3,False
3271,pains,5,False
3272,paint,5,False
3273,pairs,4,False
3274,paisa,5,False
3275,palce,4,False
3276,palki,4,False
3277,palms,4,False
3278,palmy,5,False
3279,palsy,5,False
3280,panax,6,False
3281,paned,4,False
3282,panel,5,False
3283,pangs,4,False
3284,panic,3,False
3285,pansy,5,False
3286,panto,4,False
3287,pants,6,False
3288,papal,4,False
3289,papaw,6,False
3290,paper,7,False
3291,papio,5,False
3292,parch,5,False
3293,parer,8,False
3294,pares,6,False
3295,paris,5,False
3296,parit,5,False
3297,parji,4,False
3298,parka,5,False
3299,parol,4,False
3300,parry,6,False
3301,parse,5,False
3302,parte,5,False
3303,parti,5,False
3304,parts,5,False
3305,party,6,False
3306,parus,5,False
3307,parva,5,False
3308,parvo,4,False
3309,pasch,4,False
3310,pasha,5,False
3311,passe,7,False
3312,passu,5,False
3313,pasta,7,False
3314,paste,5,False
3315,pasty,6,False
3316,patas,6,False
3317,patch,6,False
3318,pater,5,False
3319,paths,5,False
3320,patio,4,False
3321,patty,6,False
3322,paulo,4,False
3323,pause,6,False
3324,paved,5,False
3325,pavis,6,False
3326,pawky,6,False
3327,payee,6,False
3328,payer,6,False
3329,pcoat,4,False
3330,peace,3,False
3331,peach,3,False
3332,peaks,4,False
3333,peaky,4,False
3334,pearl,4,False
3335,peaty,5,False
3336,pecan,3,False
3337,pecos,4,False
3338,pedal,3,False
3339,pedir,5,False
3340,peers,6,False
3341,peeve,6,False
3342,peice,3,False
3343,peine,5,False
3344,penal,4,False
3345,pence,4,False
3346,pengo,3,False
3347,penis,4,False
3348,penni,4,False
3349,penny,5,False
3350,pense,5,False
3351,peony,5,False
3352,peppy,6,False
3353,pepsi,4,False
3354,peras,5,False
3355,perca,2,False
3356,perch,4,False
3357,perde,6,False
3358,perdu,4,False
3359,perdy,5,False
3360,peril,3,False
3361,perit,5,False
3362,perry,6,False
3363,perte,6,False
3364,perth,4,False
3365,pesky,5,False
3366,petal,6,False
3367,peter,6,False
3368,petit,5,False
3369,petto,5,False
3370,petty,5,False
3371,pewee,7,False
3372,phage,3,False
3373,phase,3,False
3374,phial,3,False
3375,phlox,4,False
3376,phoca,2,False
3377,phone,4,False
3378,phony,5,False
3379,photo,4,False
3380,phyle,4,False
3381,physa,5,False
3382,piano,5,False
3383,picea,3,False
3384,pichi,5,False
3385,picot,4,False
3386,picul,4,False
3387,picus,5,False
3388,piece,4,False
3389,pieta,4,False
3390,piete,5,False
3391,piety,4,False
3392,pigmy,4,False
3393,pilaf,3,False
3394,pilea,4,False
3395,piles,5,False
3396,pilon,4,False
3397,pilot,5,False
3398,pilus,4,False
3399,pinch,4,False
3400,pinna,4,False
3401,pinon,6,False
3402,pinot,5,False
3403,pinto,4,False
3404,pinus,5,False
3405,pious,4,False
3406,pipal,6,False
3407,piped,5,False
3408,piper,7,False
3409,pipes,6,False
3410,pipit,5,False
3411,pipra,5,False
3412,pique,4,False
3413,piste,5,False
3414,pisum,4,False
3415,pitch,4,False
3416,pithy,3,False
3417,piton,5,False
3418,pitta,6,False
3419,pitys,5,False
3420,pivot,5,False
3421,pixel,5,False
3422,pizza,7,False
3423,place,3,False
3424,plage,3,False
3425,plaid,3,False
3426,plain,3,False
3427,plait,4,False
3428,plane,4,False
3429,plank,4,False
3430,plant,4,False
3431,plash,3,False
3432,plasm,4,False
3433,plate,5,False
3434,plato,5,False
3435,platy,6,False
3436,playa,6,False
3437,plays,5,False
3438,plaza,7,False
3439,plead,4,False
3440,pleas,5,False
3441,pleat,6,False
3442,plebe,4,False
3443,plena,4,False
3444,pliny,5,False
3445,ploce,4,False
3446,plomb,3,False
3447,plonk,3,False
3448,pluck,4,False
3449,plumb,3,False
3450,plume,4,False
3451,plump,4,False
3452,plunk,4,False
3453,plush,4,False
3454,pluto,4,False
3455,pness,5,False
3456,poach,3,False
3457,pocos,5,False
3458,poema,4,False
3459,poesy,5,False
3460,poets,5,False
3461,pogge,5,False
3462,point,5,False
3463,poise,5,False
3464,poker,5,False
3465,pokey,5,False
3466,polak,4,False
3467,polar,5,False
3468,poles,4,False
3469,polio,5,False
3470,polka,4,False
3471,polls,5,False
3472,polyp,5,False
3473,pommy,4,False
3474,ponca,3,False
3475,pongo,5,False
3476,pooch,5,False
3477,poori,4,False
3478,popin,5,False
3479,poppy,6,False
3480,porch,4,False
3481,porgy,4,False
3482,porte,5,False
3483,poser,5,False
3484,posse,6,False
3485,potos,5,False
3486,potto,5,False
3487,potty,5,False
3488,pouch,4,False
3489,pound,4,False
3490,pours,4,False
3491,power,6,False
3492,ppour,4,False
3493,praam,5,False
3494,prahu,3,False
3495,praia,5,False
3496,prame,4,False
3497,prank,4,False
3498,prate,5,False
3499,prawn,5,False
3500,praya,5,False
3501,prece,4,False
3502,preen,4,False
3503,press,5,False
3504,preux,4,False
3505,prfer,4,False
3506,priam,5,False
3507,price,5,False
3508,prick,3,False
3509,pride,4,False
3510,prima,5,False
3511,prime,4,False
3512,primo,4,False
3513,primp,5,False
3514,prink,4,False
3515,print,5,False
3516,prior,5,False
3517,prism,4,False
3518,prius,4,False
3519,privy,6,False
3520,prize,5,False
3521,probe,4,False
3522,proem,4,False
3523,prole,4,False
3524,prone,4,False
3525,prong,3,False
3526,proof,3,False
3527,prore,7,False
3528,prose,5,False
3529,prosy,5,False
3530,proud,3,False
3531,prove,6,False
3532,prowl,4,False
3533,proxy,6,False
3534,prude,4,False
3535,prune,4,False
3536,psalm,4,False
3537,pshaw,5,False
3538,psora,4,False
3539,psych,5,False
3540,ptyas,5,False
3541,pubes,5,False
3542,pubic,3,False
3543,pubis,3,False
3544,pudgy,3,False
3545,pudor,4,False
3546,pueri,4,False
3547,puffy,4,False
3548,pukka,5,False
3549,pulex,5,False
3550,pulpy,4,False
3551,pulse,4,False
3552,punce,5,False
3553,punch,5,False
3554,punic,3,False
3555,pupal,5,False
3556,pupil,4,False
3557,puppy,6,False
3558,puree,5,False
3559,purge,4,False
3560,purim,4,False
3561,puris,4,False
3562,purse,5,False
3563,pursy,4,False
3564,purus,5,False
3565,pusan,5,False
3566,pussy,5,False
3567,putid,5,False
3568,putty,5,False
3569,pydna,4,False
3570,pygmy,4,False
3571,pylon,4,False
3572,pyrex,5,False
3573,pyrus,5,False
3574,pyxie,5,False
3575,pyxis,4,False
3576,qatar,6,False
3577,qiana,5,False
3578,qiang,4,False
3579,quack,5,False
3580,quaff,4,False
3581,quail,4,False
3582,quake,5,False
3583,qualm,5,False
3584,quand,4,False
3585,quark,4,False
3586,quart,5,False
3587,quash,5,False
3588,quasi,4,False
3589,quean,5,False
3590,queen,4,False
3591,queer,5,False
3592,quell,5,False
3593,quern,5,False
3594,query,6,False
3595,quest,5,False
3596,queue,5,False
3597,quick,5,False
3598,quiet,4,False
3599,quiff,4,False
3600,quill,4,False
3601,quilt,4,False
3602,quine,6,False
3603,quint,4,False
3604,quips,5,False
3605,quipu,6,False
3606,quira,5,False
3607,quire,6,False
3608,quirk,4,False
3609,quirt,4,False
3610,quite,6,False
3611,quito,6,False
3612,quits,5,False
3613,quoad,5,False
3614,quoin,4,False
3615,quoit,5,False
3616,quota,5,False
3617,quote,5,False
3618,quoth,3,False
3619,rabat,5,False
3620,rabbi,3,False
3621,rabid,3,False
3622,racer,5,False
3623,radar,5,False
3624,radio,4,False
3625,radix,5,False
3626,radon,4,False
3627,rages,4,False
3628,rains,6,False
3629,rainy,6,False
3630,raise,4,False
3631,rajab,3,False
3632,rajah,4,False
3633,rally,5,False
3634,ramie,4,False
3635,ranch,4,False
3636,randy,5,False
3637,range,4,False
3638,rangy,5,False
3639,ranks,4,False
3640,raper,6,False
3641,rapid,4,False
3642,rapit,5,False
3643,raree,5,False
3644,ratan,6,False
3645,ratel,6,False
3646,ratio,5,False
3647,ravel,7,False
3648,raven,6,False
3649,raver,7,False
3650,rayon,7,False
3651,razor,6,False
3652,reach,4,False
3653,react,2,False
3654,ready,3,False
3655,realm,3,False
3656,reams,4,False
3657,reave,6,False
3658,rebel,5,False
3659,rebus,5,False
3660,rebut,3,False
3661,recce,3,False
3662,recte,5,False
3663,recti,4,False
3664,recto,4,False
3665,recur,5,False
3666,redan,4,False
3667,redet,6,False
3668,redly,4,False
3669,reedy,5,False
3670,reefs,4,False
3671,reefy,5,False
3672,reeky,5,False
3673,reeve,6,False
3674,refer,4,False
3675,refit,4,False
3676,regal,4,False
3677,regem,5,False
3678,reges,5,False
3679,regia,4,False
3680,regis,3,False
3681,regle,4,False
3682,regna,4,False
3683,regni,4,False
3684,regum,4,False
3685,regur,5,False
3686,reich,3,False
3687,reigh,3,False
3688,reign,4,False
3689,reins,4,False
3690,reise,4,False
3691,relax,5,False
3692,relay,6,False
3693,relic,4,False
3694,remis,4,False
3695,remit,4,False
3696,remus,4,False
3697,rendu,4,False
3698,renew,5,False
3699,rents,5,False
3700,repay,5,False
3701,repel,6,False
3702,reply,5,False
3703,rerum,6,False
3704,rerun,4,False
3705,reset,6,False
3706,resin,5,False
3707,reste,6,False
3708,resty,5,False
3709,retch,4,False
3710,retem,5,False
3711,revel,7,False
3712,revue,5,False
3713,rheum,4,False
3714,rhine,3,False
3715,rhino,5,False
3716,rhomb,3,False
3717,rhone,3,False
3718,rhumb,3,False
3719,rhyme,4,False
3720,riant,4,False
3721,ribes,4,False
3722,ricin,3,False
3723,rider,8,False
3724,ridge,4,False
3725,rifle,3,False
3726,rigel,4,False
3727,right,6,False
3728,rigid,3,False
3729,rigor,4,False
3730,rimer,6,False
3731,rings,3,False
3732,rinse,4,False
3733,rioja,4,False
3734,ripen,4,False
3735,risen,5,False
3736,riser,6,False
3737,risks,4,False
3738,risqu,5,False
3739,rissa,6,False
3740,risum,4,False
3741,rited,5,False
3742,rites,5,False
3743,ritzy,4,False
3744,rival,6,False
3745,rivel,4,False
3746,river,6,False
3747,rivet,5,False
3748,roach,4,False
3749,roads,4,False
3750,roast,5,False
3751,robes,4,False
3752,robin,3,False
3753,roble,4,False
3754,rocks,3,False
3755,rocky,4,False
3756,rodeo,6,False
3757,roger,5,False
3758,rogue,4,False
3759,rolls,4,False
3760,roman,5,False
3761,romeo,5,False
3762,romps,4,False
3763,rondo,4,False
3764,roods,4,False
3765,rooms,4,False
3766,roomy,5,False
3767,roost,5,False
3768,roots,5,False
3769,ropes,5,False
3770,ropey,6,False
3771,roppe,5,False
3772,roral,6,False
3773,roric,3,False
3774,rorid,3,False
3775,rosas,5,False
3776,roses,6,False
3777,rosin,5,False
3778,rotor,5,False
3779,rouge,5,False
3780,rough,4,False
3781,round,3,False
3782,rouse,5,False
3783,route,6,False
3784,rover,7,False
3785,rowan,6,False
3786,rowdy,5,False
3787,rowel,5,False
3788,rowen,6,False
3789,rower,7,False
3790,royal,5,False
3791,ruade,5,False
3792,rubia,4,False
3793,ruble,4,False
3794,rubus,3,False
3795,ruddy,4,False
3796,rudge,5,False
3797,rudis,4,False
3798,rudra,4,False
3799,rugby,3,False
3800,ruins,4,False
3801,ruled,5,False
3802,ruler,6,False
3803,rules,5,False
3804,rumal,5,False
3805,rumba,4,False
3806,rumen,4,False
3807,rumex,5,False
3808,rummy,4,False
3809,rumor,5,False
3810,runon,5,False
3811,runup,4,False
3812,runer,5,False
3813,runes,4,False
3814,runic,3,False
3815,rural,5,False
3816,rushy,5,False
3817,russe,5,False
3818,rusty,5,False
3819,sabah,2,False
3820,sabal,5,False
3821,saber,5,False
3822,sabin,3,False
3823,sable,5,False
3824,sabra,5,False
3825,sacra,5,False
3826,sacre,4,False
3827,sadhe,2,False
3828,sadhu,4,False
3829,sadly,4,False
3830,saepe,6,False
3831,safar,4,False
3832,sages,5,False
3833,sahib,2,False
3834,saick,3,False
3835,saiga,4,False
3836,sails,5,False
3837,saint,5,False
3838,salad,4,False
3839,salai,5,False
3840,salal,7,False
3841,salem,4,False
3842,salis,5,False
3843,salix,5,False
3844,sally,6,False
3845,salmi,4,False
3846,salmo,4,False
3847,salol,5,False
3848,salon,5,False
3849,salsa,7,False
3850,salto,5,False
3851,salts,6,False
3852,saltu,5,False
3853,salty,5,False
3854,salva,6,False
3855,salve,5,False
3856,salvo,6,False
3857,samba,5,False
3858,sambo,4,False
3859,samia,6,False
3860,samoa,5,False
3861,sanaa,6,False
3862,sands,4,False
3863,sandy,4,False
3864,sango,4,False
3865,sante,4,False
3866,santo,5,False
3867,saone,4,False
3868,sapid,4,False
3869,sapir,5,False
3870,sapis,6,False
3871,sapit,6,False
3872,sapor,4,False
3873,sappy,5,False
3874,saran,5,False
3875,sarda,5,False
3876,sarum,5,False
3877,satan,6,False
3878,satin,6,False
3879,satis,5,False
3880,satyr,5,False
3881,sauce,5,False
3882,saucy,4,False
3883,saudi,6,False
3884,sauna,5,False
3885,saury,6,False
3886,saute,5,False
3887,sauve,6,False
3888,saved,6,False
3889,saver,5,False
3890,savor,5,False
3891,savvy,6,False
3892,sawan,7,False
3893,saxon,6,False
3894,sayso,5,False
3895,scads,3,False
3896,scald,3,False
3897,scale,3,False
3898,scalp,4,False
3899,scaly,5,False
3900,scamp,5,False
3901,scant,4,False
3902,scape,3,False
3903,scare,4,False
3904,scarf,4,False
3905,scarp,4,False
3906,scars,5,False
3907,scath,3,False
3908,scaup,6,False
3909,scend,3,False
3910,scene,4,False
3911,scent,4,False
3912,schwa,4,False
3913,scion,4,False
3914,scire,4,False
3915,scobs,3,False
3916,scoff,3,False
3917,scold,3,False
3918,scone,4,False
3919,scoop,6,False
3920,scoot,6,False
3921,scopa,4,False
3922,scope,4,False
3923,score,5,False
3924,scorn,4,False
3925,scots,6,False
3926,scott,7,False
3927,scour,5,False
3928,scout,5,False
3929,scowl,4,False
3930,scrag,4,False
3931,scram,5,False
3932,scrap,6,False
3933,scree,5,False
3934,screw,4,False
3935,scrim,3,False
3936,scrip,4,False
3937,scrod,4,False
3938,scrub,3,False
3939,scrum,3,False
3940,scuff,4,False
3941,scull,4,False
3942,scurf,3,False
3943,scute,4,False
3944,seale,3,False
3945,seals,3,False
3946,seamy,4,False
3947,seats,7,False
3948,sebum,4,False
3949,sects,6,False
3950,sedan,5,False
3951,seder,5,False
3952,sedge,4,False
3953,sedgy,4,False
3954,sedum,4,False
3955,seeds,6,False
3956,seedy,6,False
3957,seems,5,False
3958,seent,5,False
3959,segar,5,False
3960,segno,5,False
3961,seine,5,False
3962,seize,5,False
3963,selar,5,False
3964,selma,4,False
3965,selon,5,False
3966,semel,4,False
3967,semen,6,False
3968,senes,6,False
3969,senna,5,False
3970,senor,4,False
3971,sense,7,False
3972,sente,6,False
3973,seoul,4,False
3974,sepal,5,False
3975,sepia,4,False
3976,sepoy,5,False
3977,serac,4,False
3978,serer,7,False
3979,serge,5,False
3980,seria,4,False
3981,serif,3,False
3982,serin,4,False
3983,seris,5,False
3984,seron,5,False
3985,serow,6,False
3986,serum,4,False
3987,serve,6,False
3988,servo,6,False
3989,setto,5,False
3990,setto,5,False
3991,setup,5,False
3992,seven,6,False
3993,sever,5,False
3994,sewed,6,False
3995,sewer,6,False
3996,sexed,6,False
3997,shack,2,False
3998,shade,2,False
3999,shady,4,False
4000,shaft,3,False
4001,shake,3,False
4002,shako,3,False
4003,shaky,5,False
4004,shale,4,False
4005,shall,7,False
4006,shame,5,False
4007,shank,4,False
4008,shape,6,False
4009,shard,3,False
4010,share,7,False
4011,shark,5,False
4012,sharp,5,False
4013,shave,8,False
4014,shawl,6,False
4015,shawm,7,False
4016,sheaf,3,False
4017,shear,4,False
4018,sheen,4,False
4019,sheep,5,False
4020,sheer,4,False
4021,sheet,6,False
4022,sheik,3,False
4023,shelf,4,False
4024,shell,5,False
4025,shend,4,False
4026,sheol,4,False
4027,shiah,4,False
4028,shift,3,False
4029,shina,4,False
4030,shine,4,False
4031,shiny,6,False
4032,shire,4,False
4033,shirk,5,False
4034,shirt,4,False
4035,shiva,5,False
4036,shive,5,False
4037,shoal,4,False
4038,shock,3,False
4039,shoes,4,False
4040,shogi,3,False
4041,shoji,4,False
4042,shook,5,False
4043,shoot,5,False
4044,shore,4,False
4045,shorn,4,False
4046,short,4,False
4047,shots,5,False
4048,shout,4,False
4049,shove,5,False
4050,shown,5,False
4051,showy,6,False
4052,shred,3,False
4053,shrew,3,False
4054,shrub,4,False
4055,shrug,4,False
4056,shuck,4,False
4057,shuha,5,False
4058,shunt,4,False
4059,shush,5,False
4060,shyly,4,False
4061,sibyl,3,False
4062,sided,7,False
4063,sides,7,False
4064,sidle,3,False
4065,siege,4,False
4066,sieve,5,False
4067,sieze,6,False
4068,sight,7,False
4069,sigil,4,False
4070,sigma,4,False
4071,signo,5,False
4072,signs,4,False
4073,sigyn,4,False
4074,sikes,5,False
4075,silex,5,False
4076,silks,4,False
4077,silky,4,False
4078,silly,6,False
4079,silty,5,False
4080,silva,5,False
4081,simon,5,False
4082,sinai,3,False
4083,since,4,False
4084,sinew,5,False
4085,singe,4,False
4086,sinus,6,False
4087,sioux,5,False
4088,siren,5,False
4089,siris,5,False
4090,sirup,4,False
4091,sisal,6,False
4092,sison,6,False
4093,sissy,6,False
4094,sitin,4,False
4095,sitar,5,False
4096,sitta,6,False
4097,sitzt,6,False
4098,sivan,5,False
4099,sixes,6,False
4100,sixth,6,False
4101,sixty,6,False
4102,sizar,6,False
4103,sized,6,False
4104,skald,3,False
4105,skate,5,False
4106,skean,4,False
4107,skeel,5,False
4108,skeet,5,False
4109,skein,3,False
4110,skier,4,False
4111,skies,5,False
4112,skiff,4,False
4113,skill,4,False
4114,skimp,4,False
4115,skink,6,False
4116,skips,6,False
4117,skirl,3,False
4118,skirt,4,False
4119,skoal,4,False
4120,skuld,3,False
4121,skulk,5,False
4122,skull,6,False
4123,skunk,5,False
4124,slack,3,False
4125,slade,3,False
4126,slain,4,False
4127,slake,4,False
4128,slang,3,False
4129,slant,5,False
4130,slash,4,False
4131,slate,5,False
4132,slaty,5,False
4133,slave,6,False
4134,sleek,4,False
4135,sleep,4,False
4136,sleet,5,False
4137,sleve,5,False
4138,slice,3,False
4139,slick,3,False
4140,slide,4,False
4141,sliky,5,False
4142,slily,5,False
4143,slime,4,False
4144,slimy,5,False
4145,sling,4,False
4146,slink,4,False
4147,sloop,4,False
4148,slope,4,False
4149,slops,5,False
4150,slosh,4,False
4151,sloth,4,False
4152,sloyd,4,False
4153,slump,4,False
4154,slung,4,False
4155,slurp,4,False
4156,slush,5,False
4157,smack,4,False
4158,small,4,False
4159,smalt,5,False
4160,smart,5,False
4161,smash,6,False
4162,smear,5,False
4163,smell,4,False
4164,smelt,3,False
4165,smile,4,False
4166,smilo,4,False
4167,smirk,4,False
4168,smite,4,False
4169,smith,4,False
4170,smock,3,False
4171,smoke,4,False
4172,smoky,4,False
4173,smush,4,False
4174,snack,5,False
4175,snafu,3,False
4176,snags,4,False
4177,snail,3,False
4178,snake,4,False
4179,snaky,4,False
4180,snare,4,False
4181,snarl,4,False
4182,sneak,5,False
4183,sneer,4,False
4184,snick,4,False
4185,snide,5,False
4186,sniff,5,False
4187,snipe,5,False
4188,snips,5,False
4189,snood,4,False
4190,snook,4,False
4191,snoop,4,False
4192,snore,4,False
4193,snort,5,False
4194,snout,4,False
4195,snowy,5,False
4196,snuff,3,False
4197,soapy,5,False
4198,soave,5,False
4199,sober,5,False
4200,socle,4,False
4201,sodom,5,False
4202,soepe,5,False
4203,sofia,4,False
4204,softy,4,False
4205,soggy,4,False
4206,solan,5,False
4207,solar,5,False
4208,solea,4,False
4209,soled,4,False
4210,solfa,3,False
4211,solid,3,False
4212,solon,5,False
4213,solum,4,False
4214,solus,5,False
4215,solve,5,False
4216,somme,4,False
4217,sonar,5,False
4218,songe,4,False
4219,sonic,4,False
4220,sooth,5,False
4221,sooty,5,False
4222,sophi,3,False
4223,sorex,6,False
4224,sorgo,5,False
4225,soror,7,False
4226,sorry,5,False
4227,sorts,6,False
4228,sorus,5,False
4229,sotho,3,False
4230,sotto,6,False
4231,souci,4,False
4232,sough,5,False
4233,souls,5,False
4234,sound,5,False
4235,soupe,6,False
4236,sousa,6,False
4237,souse,7,False
4238,south,4,False
4239,sower,6,False
4240,space,4,False
4241,spade,3,False
4242,spahi,3,False
4243,spain,4,False
4244,spake,5,False
4245,spank,4,False
4246,spare,5,False
4247,spark,4,False
4248,spasm,5,False
4249,spawn,5,False
4250,speak,5,False
4251,spear,6,False
4252,speck,4,False
4253,speed,5,False
4254,spell,4,False
4255,spelt,4,False
4256,spend,4,False
4257,spent,4,False
4258,sperm,4,False
4259,spero,5,False
4260,spial,5,False
4261,spica,3,False
4262,spice,4,False
4263,spick,4,False
4264,spicy,4,False
4265,spiel,4,False
4266,spike,5,False
4267,spiky,5,False
4268,spill,5,False
4269,spina,4,False
4270,spine,5,False
4271,spiny,5,False
4272,spire,5,False
4273,spiro,4,False
4274,spirt,4,False
4275,spite,5,False
4276,spitz,5,False
4277,splat,5,False
4278,splay,6,False
4279,split,4,False
4280,spode,5,False
4281,spoil,3,False
4282,spoke,4,False
4283,spoof,3,False
4284,spook,4,False
4285,spool,4,False
4286,spoon,5,False
4287,spoor,4,False
4288,spore,5,False
4289,sport,6,False
4290,sposa,5,False
4291,sposh,5,False
4292,sposo,5,False
4293,spots,6,False
4294,spout,5,False
4295,sprag,4,False
4296,sprat,5,False
4297,spray,5,False
4298,spree,5,False
4299,sprig,4,False
4300,sprit,4,False
4301,sprue,5,False
4302,spume,4,False
4303,spunk,4,False
4304,spurn,4,False
4305,spurs,5,False
4306,spurt,4,False
4307,sputa,5,False
4308,squab,4,False
4309,squad,5,False
4310,squat,5,False
4311,squaw,5,False
4312,squib,4,False
4313,squid,4,False
4314,stabs,4,False
4315,stack,6,False
4316,stael,3,False
4317,staff,4,False
4318,stage,5,False
4319,stagy,4,False
4320,staid,4,False
4321,stain,5,False
4322,stair,4,False
4323,stake,6,False
4324,stale,3,False
4325,stalk,5,False
4326,stall,5,False
4327,stamp,4,False
4328,stand,5,False
4329,stare,6,False
4330,stark,5,False
4331,stars,4,False
4332,start,7,False
4333,stash,5,False
4334,state,6,False
4335,statu,5,False
4336,stave,6,False
4337,stays,5,False
4338,stead,6,False
4339,steak,5,False
4340,steal,5,False
4341,steam,6,False
4342,steed,6,False
4343,steel,4,False
4344,steep,5,False
4345,steer,5,False
4346,stein,4,False
4347,stele,4,False
4348,steps,5,False
4349,stern,5,False
4350,stick,5,False
4351,stiff,5,False
4352,stile,5,False
4353,still,6,False
4354,stilt,5,False
4355,sting,4,False
4356,stink,4,False
4357,stint,5,False
4358,stipe,6,False
4359,stirk,5,False
4360,stive,6,False
4361,stoat,5,False
4362,stock,4,False
4363,stogy,4,False
4364,stoic,4,False
4365,stoke,5,False
4366,stole,5,False
4367,stoma,5,False
4368,stomp,4,False
4369,stone,5,False
4370,stony,4,False
4371,stood,5,False
4372,stook,4,False
4373,stool,4,False
4374,stoop,6,False
4375,stope,5,False
4376,store,5,False
4377,stork,4,False
4378,storm,5,False
4379,story,4,False
4380,stoup,5,False
4381,stour,5,False
4382,stout,5,False
4383,stove,6,False
4384,strap,5,False
4385,straw,6,False
4386,stray,7,False
4387,strew,5,False
4388,stria,4,False
4389,strip,5,False
4390,strix,5,False
4391,strom,4,False
4392,strop,4,False
4393,strow,5,False
4394,strum,5,False
4395,strut,5,False
4396,stuck,4,False
4397,study,4,False
4398,stuff,4,False
4399,stump,4,False
4400,stung,4,False
4401,stunt,5,False
4402,stupa,6,False
4403,stupe,5,False
4404,style,4,False
4405,suant,5,False
4406,suave,7,False
4407,sucre,4,False
4408,sudan,5,False
4409,suede,4,False
4410,suety,5,False
4411,sugar,5,False
4412,suite,6,False
4413,sujet,4,False
4414,sukur,5,False
4415,sulks,4,False
4416,sulky,4,False
4417,sulla,5,False
4418,sully,5,False
4419,sumac,5,False
4420,sumer,5,False
4421,summa,4,False
4422,sunni,5,False
4423,sunny,5,False
4424,sunup,4,False
4425,super,5,False
4426,supra,4,False
4427,surge,5,False
4428,surly,5,False
4429,surya,5,False
4430,sushi,4,False
4431,swain,6,False
4432,swale,4,False
4433,swami,5,False
4434,swamp,5,False
4435,swank,5,False
4436,swans,6,False
4437,sward,4,False
4438,swarm,6,False
4439,swart,6,False
4440,swash,7,False
4441,swath,4,False
4442,swazi,6,False
4443,sweal,5,False
4444,swear,6,False
4445,sweat,6,False
4446,swede,5,False
4447,sweek,4,False
4448,sweep,6,False
4449,sweet,6,False
4450,swell,5,False
4451,swept,5,False
4452,swift,4,False
4453,swill,7,False
4454,swine,6,False
4455,swing,5,False
4456,swink,5,False
4457,swipe,6,False
4458,swirl,4,False
4459,swish,6,False
4460,swiss,5,False
4461,swoon,5,False
4462,swoop,5,False
4463,sword,4,False
4464,sworn,5,False
4465,sylph,4,False
4466,synod,4,False
4467,syria,5,False
4468,syrup,5,False
4469,syrus,5,False
4470,tabby,6,False
4471,tabes,5,False
4472,tabid,4,False
4473,table,6,False
4474,taboe,4,False
4475,taboo,6,False
4476,tabor,5,False
4477,tacca,5,False
4478,tacit,4,False
4479,tacky,4,False
4480,taegu,3,False
4481,taffy,4,False
4482,tagus,5,False
4483,taiga,5,False
4484,tails,4,False
4485,taint,6,False
4486,taken,5,False
4487,taker,6,False
4488,takes,5,False
4489,takin,5,False
4490,tales,6,False
4491,talia,5,False
4492,talls,7,False
4493,tally,6,False
4494,talma,5,False
4495,talon,6,False
4496,talus,5,False
4497,tamed,5,False
4498,tamen,5,False
4499,tamer,6,False
4500,tamil,5,False
4501,tammy,6,False
4502,tampa,6,False
4503,tamus,5,False
4504,tango,5,False
4505,tanka,6,False
4506,tansy,6,False
4507,tanti,5,False
4508,tanto,6,False
4509,taped,5,False
4510,taper,6,False
4511,tapir,6,False
4512,tapis,6,False
4513,tardi,5,False
4514,tardy,5,False
4515,tares,7,False
4516,tarot,6,False
4517,tarry,5,False
4518,taste,7,False
4519,tasty,6,False
4520,tatar,7,False
4521,taunt,6,False
4522,tauon,6,False
4523,tawny,5,False
4524,tawse,5,False
4525,taxes,6,False
4526,taxis,5,False
4527,taxus,5,False
4528,tayra,6,False
4529,tazza,6,False
4530,teach,5,False
4531,tears,4,False
4532,teary,5,False
4533,tease,4,False
4534,tebet,4,False
4535,techy,3,False
4536,tecta,3,False
4537,tecum,4,False
4538,teddy,6,False
4539,tedge,5,False
4540,teens,5,False
4541,teeny,6,False
4542,teeth,5,False
4543,tehee,4,False
4544,tekel,5,False
4545,telum,4,False
4546,tempi,4,False
4547,tempo,5,False
4548,temps,6,False
4549,tempt,5,False
4550,tenax,5,False
4551,tench,3,False
4552,tenet,7,False
4553,tenez,6,False
4554,tenon,5,False
4555,tenor,5,False
4556,tense,6,False
4557,tente,7,False
4558,tenth,3,False
4559,tents,6,False
4560,tenue,5,False
4561,tenus,4,False
4562,tepee,5,False
4563,tepid,4,False
4564,terce,3,False
4565,teres,5,False
4566,tergo,4,False
4567,terms,5,False
4568,terra,5,False
4569,terre,7,False
4570,terry,7,False
4571,terse,7,False
4572,tesla,4,False
4573,testa,5,False
4574,teste,6,False
4575,testy,5,False
4576,tetra,6,False
4577,tetto,5,False
4578,texan,5,False
4579,texas,5,False
4580,thais,4,False
4581,thana,5,False
4582,thane,4,False
4583,thank,4,False
4584,thats,5,False
4585,thebe,2,False
4586,theca,2,False
4587,theft,5,False
4588,their,3,False
4589,theme,5,False
4590,there,4,False
4591,therm,4,False
4592,these,6,False
4593,theta,4,False
4594,thews,5,False
4595,thick,2,False
4596,thief,3,False
4597,thigh,3,False
4598,thill,5,False
4599,thine,4,False
4600,thing,3,False
4601,think,4,False
4602,third,5,False
4603,thole,4,False
4604,thong,3,False
4605,thorn,3,False
4606,thoro,5,False
4607,thorp,4,False
4608,those,5,False
4609,thoth,5,False
4610,three,4,False
4611,thrid,4,False
4612,throb,3,False
4613,throe,4,False
4614,throw,4,False
4615,thrum,4,False
4616,thuja,4,False
4617,thule,5,False
4618,thumb,4,False
4619,thump,4,False
4620,thunk,4,False
4621,thyme,5,False
4622,tiara,5,False
4623,tiber,4,False
4624,tibet,5,False
4625,tibia,5,False
4626,tidal,4,False
4627,tides,6,False
4628,tieon,3,False
4629,tiene,4,False
4630,tiger,4,False
4631,tight,8,False
4632,tilde,3,False
4633,tiled,5,False
4634,tilia,5,False
4635,tilth,4,False
4636,timed,4,False
4637,timeo,4,False
4638,timer,5,False
4639,times,5,False
4640,timid,4,False
4641,timon,6,False
4642,timor,5,False
4643,tinca,3,False
4644,tinct,4,False
4645,tinea,4,False
4646,tinge,5,False
4647,tinny,5,False
4648,tipup,5,False
4649,tipsy,5,False
4650,tired,4,False
4651,tirer,6,False
4652,titan,6,False
4653,titer,7,False
4654,tithe,6,False
4655,title,4,False
4656,titus,6,False
4657,tizzy,6,False
4658,toady,4,False
4659,toast,5,False
4660,today,4,False
4661,toddy,5,False
4662,todea,4,False
4663,todus,6,False
4664,toein,4,False
4665,toils,4,False
4666,toity,5,False
4667,tokay,4,False
4668,token,5,False
4669,tokyo,5,False
4670,tombe,3,False
4671,tommy,5,False
4672,tonal,4,False
4673,toned,5,False
4674,toner,5,False
4675,tonga,3,False
4676,tongs,5,False
4677,tongu,4,False
4678,tonic,5,False
4679,tonue,5,False
4680,tools,5,False
4681,toona,4,False
4682,tooth,6,False
4683,toots,5,False
4684,topaz,5,False
4685,topek,5,False
4686,toper,6,False
4687,topic,5,False
4688,topsy,5,False
4689,torah,4,False
4690,torch,4,False
4691,torso,6,False
4692,torte,6,False
4693,torus,4,False
4694,total,6,False
4695,totem,6,False
4696,totis,5,False
4697,totus,5,False
4698,toucb,2,False
4699,touch,4,False
4700,tough,6,False
4701,touse,6,False
4702,toute,6,False
4703,towel,6,False
4704,tower,7,False
4705,toxic,6,False
4706,toxin,4,False
4707,toyon,5,False
4708,trala,5,False
4709,trace,3,False
4710,track,4,False
4711,tract,5,False
4712,trade,4,False
4713,trail,4,False
4714,train,4,False
4715,trait,5,False
4716,tramp,4,False
4717,trans,5,False
4718,trapa,5,False
4719,traps,4,False
4720,trash,4,False
4721,trave,5,False
4722,trawl,5,False
4723,tread,6,False
4724,treat,6,False
4725,trees,5,False
4726,trend,4,False
4727,tress,6,False
4728,trews,5,False
4729,triad,5,False
4730,trial,5,False
4731,tribe,4,False
4732,trice,6,False
4733,trick,4,False
4734,tried,3,False
4735,trier,4,False
4736,triga,4,False
4737,trill,5,False
4738,trine,4,False
4739,tripe,5,False
4740,trite,6,False
4741,troat,4,False
4742,troes,4,False
4743,troll,4,False
4744,tromp,4,False
4745,troop,5,False
4746,trope,5,False
4747,troth,4,False
4748,trout,5,False
4749,trove,6,False
4750,truce,5,False
4751,truck,4,False
4752,trull,6,False
4753,truly,5,False
4754,trump,4,False
4755,trunk,4,False
4756,truss,6,False
4757,trust,7,False
4758,truth,5,False
4759,tryst,5,False
4760,tsuga,5,False
4761,tubal,4,False
4762,tubam,5,False
4763,tubed,4,False
4764,tuber,5,False
4765,tudor,5,False
4766,tulip,4,False
4767,tulit,5,False
4768,tulle,4,False
4769,tulsa,5,False
4770,tumid,4,False
4771,tumor,4,False
4772,tuned,4,False
4773,tuner,5,False
4774,tunga,4,False
4775,tunic,4,False
4776,tunis,5,False
4777,tupik,4,False
4778,turfy,4,False
4779,turin,5,False
4780,turki,4,False
4781,turns,4,False
4782,turpi,4,False
4783,turvy,5,False
4784,tutee,5,False
4785,tutor,5,False
4786,tutti,5,False
4787,tutto,5,False
4788,tutus,5,False
4789,twain,5,False
4790,twang,4,False
4791,tweak,6,False
4792,tweed,6,False
4793,tweet,6,False
4794,twerp,5,False
4795,twice,7,False
4796,twill,6,False
4797,twine,7,False
4798,twins,5,False
4799,twire,7,False
4800,twirl,4,False
4801,twist,5,False
4802,twixt,5,False
4803,tyche,3,False
4804,tying,5,False
4805,tyler,6,False
4806,typed,4,False
4807,types,5,False
4808,typha,5,False
4809,tyrol,5,False
4810,uturn,5,False
4811,ubykh,2,False
4812,udder,5,False
4813,ugric,3,False
4814,uigur,4,False
4815,ukase,5,False
4816,ulcer,3,False
4817,ulcus,4,False
4818,ulema,4,False
4819,ulmus,4,False
4820,ulnar,5,False
4821,ultio,5,False
4822,ultra,4,False
4823,umbel,3,False
4824,umber,4,False
4825,umbra,4,False
4826,unapt,4,False
4827,unary,5,False
4828,unbar,4,False
4829,uncle,3,False
4830,uncut,5,False
4831,under,4,False
4832,undue,5,False
4833,unfed,3,False
4834,unfit,4,False
4835,ungue,4,False
4836,uniat,5,False
4837,union,4,False
4838,unite,6,False
4839,units,4,False
4840,unity,5,False
4841,unled,4,False
4842,unman,5,False
4843,unrig,4,False
4844,unrip,5,False
4845,unsay,5,False
4846,unsex,5,False
4847,untie,4,False
4848,until,4,False
4849,unwed,5,False
4850,upbow,4,False
4851,upper,5,False
4852,upset,5,False
4853,upupa,5,False
4854,urals,4,False
4855,urban,4,False
4856,urbis,4,False
4857,urial,6,False
4858,urine,5,False
4859,urnam,5,False
4860,ursus,4,False
4861,usage,5,False
4862,ushas,6,False
4863,usher,5,False
4864,usine,6,False
4865,using,4,False
4866,usnea,4,False
4867,usque,6,False
4868,usual,5,False
4869,usurp,5,False
4870,usury,5,False
4871,utica,4,False
4872,utter,5,False
4873,uveal,6,False
4874,uvula,5,False
4875,uzbek,4,False
4876,vache,3,False
4877,vaduz,5,False
4878,vagal,4,False
4879,vagas,5,False
4880,vague,4,False
4881,vagus,6,False
4882,vajra,5,False
4883,vakas,5,False
4884,vakil,5,False
4885,valde,4,False
4886,valet,6,False
4887,valid,4,False
4888,valmy,6,False
4889,valor,4,False
4890,value,5,False
4891,valve,6,False
4892,vanda,5,False
4893,vanir,4,False
4894,vapid,5,False
4895,vapor,5,False
4896,vasty,5,False
4897,vaten,6,False
4898,vatum,5,False
4899,vault,5,False
4900,vaunt,5,False
4901,vedas,5,False
4902,vedic,3,False
4903,veery,6,False
4904,vegan,4,False
4905,vehis,4,False
4906,veins,5,False
4907,velar,6,False
4908,veldt,4,False
4909,velis,4,False
4910,velit,4,False
4911,velow,4,False
4912,venal,5,False
4913,venir,5,False
4914,venit,4,False
4915,venom,5,False
4916,venue,5,False
4917,venus,5,False
4918,verba,3,False
4919,verbs,3,False
4920,verge,6,False
4921,verpa,5,False
4922,verre,7,False
4923,versa,5,False
4924,verse,7,False
4925,verso,6,False
4926,verst,6,False
4927,verte,6,False
4928,vertu,4,False
4929,verum,5,False
4930,verve,6,False
4931,vespa,5,False
4932,vesta,5,False
4933,vetch,5,False
4934,veuve,5,False
4935,vexed,7,False
4936,vials,4,False
4937,viand,3,False
4938,vibes,5,False
4939,vicar,3,False
4940,vicia,3,False
4941,video,4,False
4942,vidua,5,False
4943,vient,4,False
4944,vieux,6,False
4945,views,5,False
4946,vigil,5,False
4947,vigna,4,False
4948,vigor,4,False
4949,villa,6,False
4950,villi,5,False
4951,vinca,4,False
4952,vinyl,4,False
4953,viola,5,False
4954,viper,5,False
4955,viral,7,False
4956,vireo,4,False
4957,vires,5,False
4958,virga,5,False
4959,virgo,3,False
4960,virtu,5,False
4961,virum,4,False
4962,virus,4,False
4963,visit,5,False
4964,visor,4,False
4965,vista,5,False
4966,visum,5,False
4967,visus,7,False
4968,vitae,4,False
4969,vital,6,False
4970,vitam,6,False
4971,vitia,6,False
4972,vitis,6,False
4973,vivid,5,False
4974,vivit,7,False
4975,vivre,4,False
4976,vixen,5,False
4977,vixit,6,False
4978,vizla,6,False
4979,vizor,5,False
4980,vobis,4,False
4981,vocal,4,False
4982,voces,4,False
4983,vocis,4,False
4984,vodka,4,False
4985,vogue,5,False
4986,vogul,4,False
4987,voice,6,False
4988,voile,5,False
4989,volat,6,False
4990,voles,5,False
4991,volga,5,False
4992,volie,5,False
4993,volto,6,False
4994,volva,5,False
4995,vomit,5,False
4996,vosky,4,False
4997,voter,6,False
4998,votis,5,False
4999,vouch,5,False
5000,vouge,5,False
5001,voulu,5,False
5002,vowel,7,False
5003,vrouw,5,False
5004,vultu,5,False
5005,vulva,6,False
5006,vwith,5,False
5007,vying,5,False
5008,waddy,7,False
5009,wafer,3,False
5010,wager,6,False
5011,wages,4,False
5012,wagon,4,False
5013,wahoo,4,False
5014,waifs,4,False
5015,waist,5,False
5016,waits,5,False
5017,waive,5,False
5018,waler,5,False
5019,wales,7,False
5020,walks,5,False
5021,walls,6,False
5022,waltz,6,False
5023,wanly,6,False
5024,wants,7,False
5025,warji,4,False
5026,washy,5,False
5027,wasps,6,False
5028,waste,6,False
5029,watch,7,False
5030,water,6,False
5031,waver,6,False
5032,waves,7,False
5033,waxed,7,False
5034,waxen,6,False
5035,weald,3,False
5036,wears,5,False
5037,weary,5,False
5038,weave,7,False
5039,weber,5,False
5040,wedge,6,False
5041,weeds,5,False
5042,weedy,6,False
5043,weepy,6,False
5044,weigh,4,False
5045,weile,3,False
5046,weird,3,False
5047,weiss,5,False
5048,welsh,4,False
5049,wench,5,False
5050,werth,4,False
5051,whack,3,False
5052,whale,5,False
5053,wharf,4,False
5054,whats,4,False
5055,whean,4,False
5056,wheat,5,False
5057,wheel,5,False
5058,whelk,4,False
5059,whelm,5,False
5060,whelp,6,False
5061,where,5,False
5062,which,3,False
5063,whiff,3,False
5064,whigs,4,False
5065,while,5,False
5066,whims,6,False
5067,whine,5,False
5068,whipe,6,False
5069,whirl,4,False
5070,whirr,5,False
5071,whish,7,False
5072,whisk,5,False
5073,whist,5,False
5074,white,5,False
5075,whole,5,False
5076,whomp,5,False
5077,whoop,6,False
5078,whore,5,False
5079,whorl,4,False
5080,whose,6,False
5081,widen,5,False
5082,widow,4,False
5083,width,3,False
5084,wield,3,False
5085,wiles,6,False
5086,wilig,5,False
5087,willy,6,False
5088,wimpy,6,False
5089,wince,5,False
5090,winch,5,False
5091,winds,6,False
5092,windy,5,False
5093,wings,4,False
5094,winks,5,False
5095,wiper,6,False
5096,wired,5,False
5097,wires,5,False
5098,wiser,5,False
5099,witan,5,False
5100,witch,5,False
5101,withe,5,False
5102,withy,4,False
5103,witty,6,False
5104,wives,7,False
5105,wizen,6,False
5106,woden,5,False
5107,wolof,4,False
5108,woman,6,False
5109,woods,5,False
5110,woody,5,False
5111,wooer,5,False
5112,wooly,5,False
5113,words,4,False
5114,wordy,4,False
5115,works,5,False
5116,world,4,False
5117,worms,4,False
5118,worry,6,False
5119,worse,6,False
5120,worst,6,False
5121,worth,5,False
5122,wotan,6,False
5123,would,4,False
5124,wound,6,False
5125,woven,7,False
5126,wrack,5,False
5127,wrapt,5,False
5128,wrath,4,False
5129,wreak,6,False
5130,wreck,4,False
5131,wrest,6,False
5132,wring,4,False
5133,wrist,4,False
5134,write,5,False
5135,wrong,4,False
5136,wrote,6,False
5137,wryly,4,False
5138,xaxis,7,False
5139,xebec,3,False
5140,xenon,6,False
5141,xeres,6,False
5142,xeric,5,False
5143,xerox,7,False
5144,xhosa,4,False
5145,xviii,5,False
5146,xylem,4,False
5147,xyris,5,False
5148,yaxis,4,False
5149,yacca,6,False
5150,yacht,5,False
5151,yager,7,False
5152,yahoo,5,False
5153,yakut,5,False
5154,yalta,6,False
5155,yamen,6,False
5156,yanan,6,False
5157,yearn,4,False
5158,years,6,False
5159,yeast,4,False
5160,yeats,6,False
5161,yeild,3,False
5162,yemen,6,False
5163,yenta,5,False
5164,yield,4,False
5165,yodel,5,False
5166,yokel,5,False
5167,young,5,False
5168,youre,6,False
5169,yours,5,False
5170,youth,5,False
5171,ypres,5,False
5172,yucca,5,False
5173,yukon,5,False
5174,yuman,5,False
5175,zaxis,6,False
5176,zaire,5,False
5177,zambo,5,False
5178,zamia,7,False
5179,zapus,5,False
5180,zayin,6,False
5181,zebra,3,False
5182,zieht,4,False
5183,zilch,4,False
5184,zippo,4,False
5185,zloty,5,False
5186,zocle,5,False
5187,zomba,4,False
5188,zombi,3,False
5189,zonal,5,False
5190,zonam,5,False
5191,zooid,5,False
5192,zoril,4,False
